score,angry,happy,neutral,sad,surprise,Learning_Path
0,10.70560934,46.28841002,10.91424987,29.90979589,2.181934883,"['easy', 'easy', 'medium', 'medium', 'medium']"
40,48.0192851,0.56205958,27.78770641,10.47659464,13.15435427,"['easy', 'medium', 'medium', 'medium', 'hard']"
40,54.70927235,1.78079088,17.39480504,8.149897047,17.96523468,"['easy', 'easy', 'medium', 'medium', 'medium']"
60,17.84207634,27.17227311,8.883863715,34.68662008,11.41516676,"['medium', 'medium', 'hard', 'hard', 'medium']"
0,0.230852813,17.10445132,16.3289688,42.71556504,23.62016202,"['easy', 'easy', 'medium', 'medium', 'medium']"
20,3.768190413,56.26813488,4.410482003,19.61494195,15.93825075,"['easy', 'easy', 'medium', 'medium', 'medium']"
80,46.45966209,37.62155144,12.51067478,1.404973409,2.00313828,"['medium', 'medium', 'hard', 'hard', 'medium']"
80,39.57410641,28.22395351,11.54890049,13.3379019,7.31513769,"['medium', 'medium', 'hard', 'hard', 'medium']"
60,34.34568193,12.69780159,11.87756639,2.86436483,38.21458526,"['easy', 'medium', 'medium', 'medium', 'hard']"
100,17.4762194,15.76072943,25.8630128,19.64525089,21.25478748,"['medium', 'medium', 'hard', 'hard', 'medium']"
80,1.87304125,50.37928877,10.9566052,2.073257132,34.71780765,"['medium', 'hard', 'hard', 'hard', 'hard']"
60,44.17808668,9.324093537,17.71666735,16.28163074,12.4995217,"['medium', 'medium', 'hard', 'hard', 'medium']"
20,38.70668638,0.524217198,43.08830663,4.421364797,13.25942499,"['easy', 'easy', 'medium', 'medium', 'medium']"
60,9.290659709,3.236018863,46.5206666,39.86554142,1.087113404,"['medium', 'medium', 'hard', 'hard', 'medium']"
20,3.705303701,12.95578744,0.448805259,35.34103492,47.54906868,"['easy', 'easy', 'medium', 'medium', 'medium']"
80,10.77802031,21.50372235,36.4460337,27.13374839,4.138475247,"['medium', 'medium', 'hard', 'hard', 'medium']"
40,5.082929638,29.06871697,22.87320129,20.82934598,22.14580612,"['easy', 'easy', 'medium', 'medium', 'medium']"
0,39.77848982,44.46843946,1.198615245,6.685253151,7.869202323,"['easy', 'easy', 'medium', 'medium', 'medium']"
40,5.891793807,59.87675534,5.040003883,6.806478917,22.38496805,"['easy', 'medium', 'medium', 'medium', 'hard']"
80,3.49853614,25.35995536,15.72083909,36.23215896,19.18851045,"['medium', 'medium', 'hard', 'hard', 'medium']"
40,25.04158021,37.61021839,24.6242909,7.52253029,5.20138021,"['easy', 'easy', 'medium', 'medium', 'medium']"
100,44.49013507,31.30196612,2.746261755,4.069015023,17.39262203,"['medium', 'medium', 'hard', 'hard', 'medium']"
80,2.44603296,40.56690645,33.85184829,14.81789701,8.317315293,"['medium', 'medium', 'hard', 'hard', 'medium']"
20,15.80640916,5.179766402,3.965982931,71.15419288,3.893648628,"['easy', 'easy', 'medium', 'medium', 'medium']"
60,41.83597683,3.879842453,14.45781564,5.426999634,34.39936544,"['medium', 'medium', 'hard', 'hard', 'medium']"
20,10.76279135,23.7118313,25.32094073,3.820599138,36.38383748,"['easy', 'easy', 'medium', 'medium', 'medium']"
20,2.637506387,27.97246217,19.53567839,11.8021056,38.05224745,"['easy', 'easy', 'medium', 'medium', 'medium']"
20,1.07725927,0.30218992,51.48803343,2.427067829,44.70544955,"['easy', 'easy', 'medium', 'medium', 'medium']"
80,19.89160187,2.889159494,27.6542436,10.40915482,39.15584022,"['medium', 'medium', 'hard', 'hard', 'medium']"
20,0.382678093,17.48772995,5.559799583,7.862223011,68.70756937,"['easy', 'easy', 'medium', 'medium', 'medium']"
0,42.57189949,2.121541941,11.48264775,25.77439223,18.04951859,"['easy', 'easy', 'medium', 'medium', 'medium']"
20,33.83022861,17.44946212,5.610859565,42.30022535,0.809224353,"['easy', 'easy', 'medium', 'medium', 'medium']"
80,10.71374734,9.561520755,12.76972068,16.88784454,50.06716669,"['easy', 'medium', 'medium', 'medium', 'hard']"
20,20.06165374,12.47699893,28.85850128,30.37717685,8.225669208,"['easy', 'easy', 'medium', 'medium', 'medium']"
100,13.1261687,0.144915299,17.85068855,18.32960212,50.54862534,"['easy', 'medium', 'medium', 'medium', 'hard']"
0,1.069298709,11.17660551,50.05087298,14.38942797,23.31379484,"['easy', 'easy', 'medium', 'medium', 'medium']"
0,60.33041849,13.12202289,18.91688533,4.518548978,3.112124312,"['easy', 'easy', 'medium', 'medium', 'medium']"
20,17.84092743,9.472321307,23.67094986,18.54213671,30.47366468,"['easy', 'easy', 'medium', 'medium', 'medium']"
20,7.119060053,18.77487075,17.14098476,45.23245068,11.73263376,"['easy', 'easy', 'medium', 'medium', 'medium']"
80,33.18446761,20.55921219,9.361669312,20.75795805,16.13669284,"['medium', 'medium', 'hard', 'hard', 'medium']"
80,4.068718707,36.75090554,10.04650913,35.84116081,13.29270581,"['medium', 'medium', 'hard', 'hard', 'medium']"
0,4.800601913,1.185110767,60.26043808,33.2938423,0.460006937,"['easy', 'easy', 'medium', 'medium', 'medium']"
60,48.89711153,10.73381056,9.565955097,20.08722574,10.71589707,"['easy', 'medium', 'medium', 'medium', 'hard']"
80,11.03404402,1.213241556,14.49713673,9.903089757,63.35248793,"['easy', 'medium', 'medium', 'medium', 'hard']"
40,46.94981386,9.780920215,0.961267992,28.93936011,13.36863783,"['easy', 'medium', 'medium', 'medium', 'hard']"
40,7.742182914,63.0805353,18.80423118,9.760552305,0.612498303,"['easy', 'easy', 'medium', 'medium', 'medium']"
40,16.39307649,17.16406168,2.928615084,55.9708279,7.543418844,"['easy', 'medium', 'medium', 'medium', 'hard']"
40,22.42334572,7.425002536,30.88081043,32.12277137,7.148069942,"['easy', 'medium', 'medium', 'medium', 'hard']"
40,2.995062864,31.23079825,13.95782135,31.60786782,20.20844971,"['easy', 'medium', 'medium', 'medium', 'hard']"
20,1.065869067,38.5396585,0.482330892,1.096746148,58.81539539,"['easy', 'easy', 'medium', 'medium', 'medium']"
100,1.64009597,33.02240809,11.26897927,23.74600862,30.32250805,"['medium', 'medium', 'hard', 'hard', 'medium']"
20,17.7468966,9.46239728,13.50397003,16.34589532,42.94084077,"['easy', 'easy', 'medium', 'medium', 'medium']"
40,17.11287033,11.13403316,4.971227375,25.66573739,41.11613174,"['easy', 'easy', 'medium', 'medium', 'medium']"
100,31.82407568,0.752072735,1.201553946,23.60457556,42.61772208,"['easy', 'medium', 'medium', 'medium', 'hard']"
40,6.14491872,26.97143863,63.01976454,2.036338939,1.82753917,"['easy', 'medium', 'medium', 'medium', 'hard']"
0,14.01352766,2.085994226,40.97575591,5.491106748,37.43361545,"['easy', 'easy', 'medium', 'medium', 'medium']"
40,24.11373075,70.04127234,1.486018179,0.183137169,4.175841566,"['easy', 'easy', 'medium', 'medium', 'medium']"
40,13.3103889,54.78593458,27.19320855,1.238586829,3.47188114,"['easy', 'medium', 'medium', 'medium', 'hard']"
80,8.65232243,15.05977419,0.754188885,10.9550785,64.578636,"['easy', 'medium', 'medium', 'medium', 'hard']"
80,63.63454893,24.65561414,0.929741953,6.431048822,4.34904615,"['medium', 'medium', 'hard', 'hard', 'medium']"
0,55.19431142,37.95953377,0.170249198,4.660918166,2.014987452,"['easy', 'easy', 'medium', 'medium', 'medium']"
0,25.92706681,0.572304056,40.40361082,9.789107521,23.3079108,"['easy', 'easy', 'medium', 'medium', 'medium']"
20,13.92056622,11.33053,64.20478492,4.747393762,5.796725101,"['easy', 'easy', 'medium', 'medium', 'medium']"
60,3.719046497,29.73760683,10.63551644,49.50245836,6.405371874,"['medium', 'medium', 'hard', 'hard', 'medium']"
20,15.22380615,9.397771707,35.67361845,34.02478891,5.680014793,"['easy', 'easy', 'medium', 'medium', 'medium']"
80,55.62384975,23.91518566,3.121117385,4.378099977,12.96174723,"['medium', 'medium', 'hard', 'hard', 'medium']"
40,19.74153618,11.50005535,39.44679753,17.82247552,11.48913542,"['easy', 'medium', 'medium', 'medium', 'hard']"
20,21.30974743,32.80970268,23.05093458,13.59020098,9.239414339,"['easy', 'easy', 'medium', 'medium', 'medium']"
80,10.20843656,32.9809757,37.09625265,17.89756164,1.816773453,"['medium', 'medium', 'hard', 'hard', 'medium']"
60,1.148370638,14.40087847,40.76434907,16.319939,27.36646282,"['medium', 'medium', 'hard', 'hard', 'medium']"
40,5.784638033,11.78690585,8.708503308,1.332485753,72.38746705,"['easy', 'easy', 'medium', 'medium', 'medium']"
80,1.689837199,32.98795934,39.89980069,10.61360024,14.80880254,"['medium', 'medium', 'hard', 'hard', 'medium']"
60,41.74518652,22.77737279,18.78948326,3.502853477,13.18510396,"['easy', 'medium', 'medium', 'medium', 'hard']"
80,40.36596549,15.34250135,6.704008401,37.21591999,0.371604774,"['medium', 'medium', 'hard', 'hard', 'medium']"
100,21.81856319,10.75134408,2.222154287,6.316347085,58.89159136,"['easy', 'medium', 'medium', 'medium', 'hard']"
0,14.0254256,44.47668507,9.812867602,10.07816713,21.60685459,"['easy', 'easy', 'medium', 'medium', 'medium']"
40,47.19830666,9.933721058,6.802656211,23.80466959,12.26064648,"['easy', 'easy', 'medium', 'medium', 'medium']"
0,19.30205751,52.31932688,13.14973375,10.2764333,4.952448547,"['easy', 'easy', 'medium', 'medium', 'medium']"
80,2.868127088,19.98353108,1.456083908,12.32782961,63.36442832,"['easy', 'medium', 'medium', 'medium', 'hard']"
20,9.99609666,58.09607689,4.822376794,14.37228202,12.71316764,"['easy', 'easy', 'medium', 'medium', 'medium']"
20,15.80654848,17.42325498,10.41680525,29.5057021,26.84768918,"['easy', 'easy', 'medium', 'medium', 'medium']"
80,48.60727304,3.950757469,6.444271881,9.723106922,31.27459069,"['medium', 'medium', 'hard', 'hard', 'medium']"
20,22.45058618,6.663147683,6.310634957,27.26294072,37.31269046,"['easy', 'easy', 'medium', 'medium', 'medium']"
80,19.62395934,0.338842288,39.71834967,30.07771417,10.24113454,"['medium', 'medium', 'hard', 'hard', 'medium']"
0,23.14482912,58.85794699,14.39957225,0.293595329,3.304056312,"['easy', 'easy', 'medium', 'medium', 'medium']"
60,19.95901993,8.487074408,17.96924571,50.2479598,3.336700156,"['easy', 'medium', 'medium', 'medium', 'hard']"
60,16.08977908,17.32301208,24.14209458,34.81082232,7.634291935,"['easy', 'medium', 'medium', 'medium', 'hard']"
0,38.06646737,3.450899562,17.78210676,9.471606251,31.22892005,"['easy', 'easy', 'medium', 'medium', 'medium']"
20,8.3770822,24.01199704,13.52241527,14.95261525,39.13589024,"['easy', 'easy', 'medium', 'medium', 'medium']"
100,24.73833888,33.46967876,16.74456563,18.29822961,6.749187126,"['medium', 'medium', 'hard', 'hard', 'medium']"
0,4.200452935,20.39932815,55.10847681,3.752915492,16.53882661,"['easy', 'easy', 'medium', 'medium', 'medium']"
40,22.66905925,12.98153467,49.80455959,10.72967452,3.815171971,"['easy', 'medium', 'medium', 'medium', 'hard']"
20,28.63260231,1.450644149,40.03847084,8.295805317,21.58247738,"['easy', 'easy', 'medium', 'medium', 'medium']"
60,11.92461465,2.641478392,4.972471151,47.1280001,33.33343571,"['easy', 'medium', 'medium', 'medium', 'hard']"
80,1.467504005,24.07238155,32.22018448,9.720184102,32.51974586,"['medium', 'medium', 'hard', 'hard', 'medium']"
20,25.99961761,12.71072147,18.41165066,22.17196686,20.7060434,"['easy', 'easy', 'medium', 'medium', 'medium']"
80,5.001210994,29.20454722,20.89586181,37.09279926,7.805580717,"['medium', 'medium', 'hard', 'hard', 'medium']"
20,20.95931206,6.125597449,31.25560864,23.47969664,18.17978521,"['easy', 'easy', 'medium', 'medium', 'medium']"
40,14.76750878,44.10493937,8.820464771,13.21904244,19.08804464,"['easy', 'easy', 'medium', 'medium', 'medium']"
100,20.28983756,13.56882845,4.64797448,17.69746935,43.79589017,"['easy', 'medium', 'medium', 'medium', 'hard']"
100,2.475231529,62.15269424,9.078771776,8.245125468,18.04817699,"['medium', 'hard', 'hard', 'hard', 'hard']"
100,13.76663395,3.295739159,63.75624541,17.49179919,1.68958229,"['medium', 'medium', 'hard', 'hard', 'medium']"
40,44.76936576,23.47170391,0.992412592,18.14769305,12.61882469,"['easy', 'medium', 'medium', 'medium', 'hard']"
20,17.45625542,0.234356281,50.50829148,26.51229341,5.288803408,"['easy', 'easy', 'medium', 'medium', 'medium']"
80,40.35299103,17.34801711,24.46268194,2.299729736,15.53658018,"['medium', 'medium', 'hard', 'hard', 'medium']"
60,50.90039612,10.00907619,8.947765619,25.46601471,4.676747367,"['medium', 'medium', 'hard', 'hard', 'medium']"
0,7.889601205,4.004806515,43.21041543,14.33306336,30.56211349,"['easy', 'easy', 'medium', 'medium', 'medium']"
20,42.07585955,23.00584137,25.27729714,4.29084519,5.350156749,"['easy', 'easy', 'medium', 'medium', 'medium']"
0,10.85802992,1.2856817,8.545815134,44.53753546,34.77293778,"['easy', 'easy', 'medium', 'medium', 'medium']"
40,2.648844726,5.207336897,11.91108739,69.66764433,10.56508665,"['easy', 'medium', 'medium', 'medium', 'hard']"
20,21.98924849,3.334532287,31.80264699,17.70135485,25.17221738,"['easy', 'easy', 'medium', 'medium', 'medium']"
0,70.5626427,24.98066314,0.25582723,0.360112944,3.840753986,"['easy', 'easy', 'medium', 'medium', 'medium']"
20,9.348854147,12.02795235,13.09023832,20.23998386,45.29297132,"['easy', 'easy', 'medium', 'medium', 'medium']"
60,23.9607713,28.01360121,9.138885538,5.333108948,33.55363301,"['easy', 'medium', 'medium', 'medium', 'hard']"
40,13.95783213,8.51693591,74.08068413,2.356852497,1.087695334,"['easy', 'medium', 'medium', 'medium', 'hard']"
60,36.36670491,16.30078672,39.57207757,4.438870187,3.321560612,"['medium', 'medium', 'hard', 'hard', 'medium']"
40,26.4810982,32.9929232,20.92867971,12.38053256,7.216766332,"['easy', 'easy', 'medium', 'medium', 'medium']"
0,1.776629201,39.83016021,35.05315811,5.736933834,17.60311864,"['easy', 'easy', 'medium', 'medium', 'medium']"
20,37.5410075,7.828593564,11.63677627,39.74183757,3.251785092,"['easy', 'easy', 'medium', 'medium', 'medium']"
20,38.61233087,28.18530617,21.59991026,6.043917223,5.558535476,"['easy', 'easy', 'medium', 'medium', 'medium']"
40,16.11477948,28.00667738,26.21438631,13.23412977,16.43002707,"['easy', 'easy', 'medium', 'medium', 'medium']"
20,13.81506423,42.62805239,11.06724893,5.702742003,26.78689244,"['easy', 'easy', 'medium', 'medium', 'medium']"
0,29.42992666,19.87675183,7.532171264,13.27998278,29.88116746,"['easy', 'easy', 'medium', 'medium', 'medium']"
20,20.28169033,24.78313393,28.32736625,14.44762409,12.1601854,"['easy', 'easy', 'medium', 'medium', 'medium']"
60,6.187747988,29.91683052,0.810944262,51.27250889,11.81196834,"['easy', 'medium', 'medium', 'medium', 'hard']"
80,40.62882779,12.56405418,1.546321597,39.08448696,6.176309476,"['medium', 'medium', 'hard', 'hard', 'medium']"
0,27.32691041,12.65592781,1.710176212,37.88817911,20.41880647,"['easy', 'easy', 'medium', 'medium', 'medium']"
40,10.32842266,39.8811998,18.87999844,30.64905994,0.261319168,"['easy', 'easy', 'medium', 'medium', 'medium']"
40,1.304346371,24.23106121,14.47689911,35.05542736,24.93226595,"['easy', 'medium', 'medium', 'medium', 'hard']"
0,7.851987102,64.81638951,2.535730315,19.70224154,5.093651532,"['easy', 'easy', 'medium', 'medium', 'medium']"
100,5.452306133,25.89222173,36.12763617,23.96806451,8.559771456,"['medium', 'medium', 'hard', 'hard', 'medium']"
60,8.542590531,42.42362927,23.65352754,16.24439955,9.135853113,"['medium', 'medium', 'hard', 'hard', 'medium']"
80,11.24668917,25.42134049,24.57624005,31.83629084,6.919439454,"['medium', 'medium', 'hard', 'hard', 'medium']"
20,35.92901944,14.44787628,9.177026211,27.26835436,13.1777237,"['easy', 'easy', 'medium', 'medium', 'medium']"
100,43.44588497,7.316113216,1.699541973,36.24776818,11.29069166,"['medium', 'medium', 'hard', 'hard', 'medium']"
80,57.2989031,12.15692277,3.57199531,13.30949885,13.66267996,"['medium', 'medium', 'hard', 'hard', 'medium']"
20,4.464164073,23.30915624,4.239679444,46.45255359,21.53444666,"['easy', 'easy', 'medium', 'medium', 'medium']"
80,8.344348296,24.86595555,4.983818064,36.44643357,25.35944452,"['medium', 'medium', 'hard', 'hard', 'medium']"
0,18.64702781,6.496633263,38.04769314,1.037632403,35.77101338,"['easy', 'easy', 'medium', 'medium', 'medium']"
80,3.546501044,51.67768738,11.52693639,21.58856251,11.66031268,"['medium', 'hard', 'hard', 'hard', 'hard']"
20,3.552146873,2.97349026,64.46080617,5.286494715,23.72706198,"['easy', 'easy', 'medium', 'medium', 'medium']"
80,19.82271779,22.91361287,24.25184534,27.00577517,6.006048838,"['medium', 'medium', 'hard', 'hard', 'medium']"
40,55.10261945,7.729235366,11.37423675,21.73103648,4.062871952,"['easy', 'medium', 'medium', 'medium', 'hard']"
60,43.33705089,2.064970045,10.38647226,32.26006624,11.95144057,"['medium', 'medium', 'hard', 'hard', 'medium']"
40,3.316670642,6.752698222,51.07329409,29.56441433,9.292922722,"['easy', 'easy', 'medium', 'medium', 'medium']"
80,1.37888485,7.892505245,57.10895222,20.43852218,13.1811355,"['medium', 'medium', 'hard', 'hard', 'medium']"
80,13.94568313,37.20879479,14.98851709,18.23250674,15.62449825,"['medium', 'medium', 'hard', 'hard', 'medium']"
80,7.106851644,28.44275867,39.59426289,18.08642495,6.769701849,"['medium', 'medium', 'hard', 'hard', 'medium']"
20,5.957235944,40.34569374,2.573126179,8.722747907,42.40119623,"['easy', 'easy', 'medium', 'medium', 'medium']"
20,22.59817902,2.298653438,22.73613635,12.64514317,39.72188802,"['easy', 'easy', 'medium', 'medium', 'medium']"
60,7.083835607,26.71011575,44.1821397,16.0413729,5.982536049,"['medium', 'medium', 'hard', 'hard', 'medium']"
20,29.56360244,5.009185969,4.319135477,10.1907555,50.91732061,"['easy', 'easy', 'medium', 'medium', 'medium']"
40,9.144781825,23.60700273,36.0404229,0.59042538,30.61736716,"['easy', 'easy', 'medium', 'medium', 'medium']"
40,6.584384789,6.407429569,4.826637079,56.73237831,25.44917026,"['easy', 'medium', 'medium', 'medium', 'hard']"
40,25.04858722,1.67695516,26.84571581,45.66343744,0.765304369,"['easy', 'medium', 'medium', 'medium', 'hard']"
40,1.029355807,25.33154421,1.726045491,12.18866364,59.72439085,"['easy', 'easy', 'medium', 'medium', 'medium']"
60,29.36939278,5.976509834,41.91226911,15.65978999,7.08203829,"['easy', 'medium', 'medium', 'medium', 'hard']"
40,19.55169126,9.510263428,64.595873,4.443944508,1.898227807,"['easy', 'medium', 'medium', 'medium', 'hard']"
60,28.08323832,15.98632573,17.04105825,13.93530364,24.95407406,"['easy', 'medium', 'medium', 'medium', 'hard']"
80,49.30918009,7.240849731,11.94101543,22.38181729,9.127137458,"['medium', 'medium', 'hard', 'hard', 'medium']"
0,20.09030121,3.038357828,32.50329993,33.76693868,10.60110235,"['easy', 'easy', 'medium', 'medium', 'medium']"
80,2.596536263,58.64035747,12.72854563,10.72947304,15.30508759,"['medium', 'medium', 'hard', 'hard', 'medium']"
40,48.98781672,40.05003182,6.80451707,0.845793416,3.311840967,"['easy', 'medium', 'medium', 'medium', 'hard']"
80,44.60698767,25.83385525,14.60981209,2.629396648,12.31994834,"['medium', 'medium', 'hard', 'hard', 'medium']"
40,45.82157565,19.96344607,1.186286995,19.977884,13.05080727,"['easy', 'medium', 'medium', 'medium', 'hard']"
60,12.32609705,33.96107587,1.435465825,24.11389314,28.16346811,"['easy', 'medium', 'medium', 'medium', 'hard']"
60,10.42867786,8.692275233,29.99620189,13.02807419,37.85477083,"['medium', 'medium', 'hard', 'hard', 'medium']"
60,2.657326505,13.87303731,32.72675452,15.87767582,34.86520586,"['easy', 'medium', 'medium', 'medium', 'hard']"
60,1.134862064,44.91382094,4.328537564,1.052188276,48.57059115,"['easy', 'medium', 'medium', 'medium', 'hard']"
40,2.82916098,46.31518487,25.42742757,17.17190062,8.25632596,"['easy', 'easy', 'medium', 'medium', 'medium']"
20,7.264936664,4.474099143,23.79724795,11.54292377,52.92079247,"['easy', 'easy', 'medium', 'medium', 'medium']"
80,16.52521718,25.96437975,28.64729692,27.90995731,0.953148838,"['medium', 'medium', 'hard', 'hard', 'medium']"
60,7.256770177,39.27474889,25.84905391,24.52338932,3.096037708,"['medium', 'medium', 'hard', 'hard', 'medium']"
40,14.115535,21.48956463,26.9208522,31.87509077,5.598957407,"['easy', 'easy', 'medium', 'medium', 'medium']"
80,23.76525331,20.78255141,17.21374789,8.529388889,29.7090585,"['medium', 'medium', 'hard', 'hard', 'medium']"
40,30.61670779,19.57580378,10.04750219,28.51894974,11.24103649,"['easy', 'easy', 'medium', 'medium', 'medium']"
0,21.12463347,20.64667783,4.880504534,18.82461217,34.523572,"['easy', 'easy', 'medium', 'medium', 'medium']"
0,30.73308109,8.133251772,23.27055023,15.55482177,22.30829514,"['easy', 'easy', 'medium', 'medium', 'medium']"
0,32.36635214,41.43554887,3.634304599,7.457557031,15.10623736,"['easy', 'easy', 'medium', 'medium', 'medium']"
60,7.35905683,22.45983446,2.631709889,32.77029975,34.77909907,"['easy', 'medium', 'medium', 'medium', 'hard']"
60,9.787553151,11.8425335,56.73831941,14.34945466,7.282139278,"['easy', 'medium', 'medium', 'medium', 'hard']"
100,16.11183296,25.50177664,5.149847297,16.63932157,36.59722153,"['medium', 'medium', 'hard', 'hard', 'medium']"
60,8.803270134,14.9536001,0.788698984,4.490580798,70.96384998,"['easy', 'medium', 'medium', 'medium', 'hard']"
80,10.21632864,6.080162504,5.197997437,28.62818034,49.87733108,"['easy', 'medium', 'medium', 'medium', 'hard']"
20,4.008428572,55.76428118,10.80060123,19.05041215,10.37627687,"['easy', 'easy', 'medium', 'medium', 'medium']"
60,2.900238559,1.916801285,40.73164205,51.17950863,3.271809482,"['medium', 'medium', 'hard', 'hard', 'medium']"
60,25.2738095,2.26420364,51.72464166,10.56260174,10.17474346,"['medium', 'medium', 'hard', 'hard', 'medium']"
80,2.393462731,57.09405007,8.116285133,26.44693966,5.949262402,"['medium', 'hard', 'hard', 'hard', 'hard']"
80,7.960274437,24.73795912,21.62501908,15.69001391,29.98673346,"['medium', 'medium', 'hard', 'hard', 'medium']"
80,31.09469557,26.42384056,20.16660159,10.85225175,11.46261053,"['medium', 'medium', 'hard', 'hard', 'medium']"
20,8.387212558,24.89772072,14.94278874,6.702734236,45.06954375,"['easy', 'easy', 'medium', 'medium', 'medium']"
80,33.77112165,13.99353928,13.46154372,19.9367685,18.83702685,"['medium', 'medium', 'hard', 'hard', 'medium']"
40,18.056262,2.399539781,7.093602291,65.45563315,6.994962781,"['easy', 'medium', 'medium', 'medium', 'hard']"
40,43.0292079,30.00573298,4.599915853,6.325875887,16.03926739,"['easy', 'easy', 'medium', 'medium', 'medium']"
40,7.905560397,17.8743726,35.26793973,11.84286142,27.10926585,"['easy', 'medium', 'medium', 'medium', 'hard']"
60,32.25498164,32.87280187,1.267348688,22.29821029,11.30665751,"['easy', 'medium', 'medium', 'medium', 'hard']"
100,74.62448947,3.640053844,3.567140274,6.705709295,11.46260712,"['medium', 'medium', 'hard', 'hard', 'medium']"
20,16.90901445,12.37601724,34.30732911,14.48180563,21.92583357,"['easy', 'easy', 'medium', 'medium', 'medium']"
100,35.03345578,11.85107654,33.14533672,10.34585474,9.624276229,"['medium', 'medium', 'hard', 'hard', 'medium']"
40,1.992971177,5.158130973,20.92502108,48.76453172,23.15934505,"['easy', 'medium', 'medium', 'medium', 'hard']"
20,2.174783119,27.80220325,39.50597392,16.11888383,14.39815587,"['easy', 'easy', 'medium', 'medium', 'medium']"
60,7.469438718,48.93136906,15.86806883,10.13594734,17.59517605,"['medium', 'medium', 'hard', 'hard', 'medium']"
80,2.799566746,3.808144888,16.11926392,56.20188111,21.07114333,"['medium', 'medium', 'hard', 'hard', 'medium']"
40,25.12235661,8.866478343,17.74370537,20.44861602,27.81884366,"['easy', 'easy', 'medium', 'medium', 'medium']"
80,42.56078656,29.44674176,14.094993,5.680758321,8.21672037,"['medium', 'medium', 'hard', 'hard', 'medium']"
80,12.77349328,12.68729034,33.44598504,3.027373154,38.06585819,"['medium', 'medium', 'hard', 'hard', 'medium']"
20,38.91195733,14.34397149,35.39354273,9.642726913,1.707801538,"['easy', 'easy', 'medium', 'medium', 'medium']"
0,2.356930443,31.60369347,8.579951202,26.68062627,30.77879862,"['easy', 'easy', 'medium', 'medium', 'medium']"
40,34.77053301,35.80853621,5.163842333,14.89939391,9.357694543,"['easy', 'easy', 'medium', 'medium', 'medium']"
80,20.14991989,6.462491225,12.70503153,15.34760326,45.3349541,"['easy', 'medium', 'medium', 'medium', 'hard']"
80,42.6905356,3.639256044,3.901232575,29.42280034,20.34617545,"['medium', 'medium', 'hard', 'hard', 'medium']"
40,12.20565831,57.62349908,11.32797198,16.242193,2.60067763,"['easy', 'medium', 'medium', 'medium', 'hard']"
60,0.477915561,1.898108956,27.73860315,62.49958984,7.385782493,"['medium', 'medium', 'hard', 'hard', 'medium']"
60,31.72857585,10.28116308,19.35776456,12.69051433,25.94198219,"['medium', 'medium', 'hard', 'hard', 'medium']"
40,12.4151305,5.888629191,16.64232228,44.73198185,20.32193619,"['easy', 'easy', 'medium', 'medium', 'medium']"
60,17.83074658,12.27676814,22.10824887,24.98153185,22.80270456,"['easy', 'medium', 'medium', 'medium', 'hard']"
100,39.22700053,27.70959172,13.17363791,17.24860052,2.641169312,"['medium', 'medium', 'hard', 'hard', 'medium']"
60,26.12487321,42.81611304,6.574381653,9.96760105,14.51703104,"['medium', 'medium', 'hard', 'hard', 'medium']"
60,14.35124229,27.96311359,25.20738355,24.49590501,7.982355561,"['easy', 'medium', 'medium', 'medium', 'hard']"
80,23.45842416,27.53070646,30.84244723,13.8080792,4.360342947,"['medium', 'medium', 'hard', 'hard', 'medium']"
40,29.44908124,1.355504246,7.207279913,0.55392404,61.43421056,"['easy', 'easy', 'medium', 'medium', 'medium']"
40,27.2078056,23.03034888,26.10643003,22.45181458,1.203600896,"['easy', 'medium', 'medium', 'medium', 'hard']"
0,17.56988342,45.06919948,3.221774906,1.694850904,32.44429128,"['easy', 'easy', 'medium', 'medium', 'medium']"
80,4.543111638,23.96242608,1.529504992,0.879304584,69.08565271,"['easy', 'medium', 'medium', 'medium', 'hard']"
60,16.59272454,43.59020267,18.0417545,1.981793647,19.79352464,"['medium', 'medium', 'hard', 'hard', 'medium']"
60,24.01738399,3.046231852,56.09937199,7.822444521,9.014567648,"['medium', 'medium', 'hard', 'hard', 'medium']"
100,25.61240271,33.3641994,21.7917464,19.13017681,0.101474682,"['medium', 'medium', 'hard', 'hard', 'medium']"
60,31.31456417,18.46215537,22.59722989,6.431956669,21.1940939,"['easy', 'medium', 'medium', 'medium', 'hard']"
60,58.38065566,3.378529049,28.35378091,4.744104389,5.142929985,"['easy', 'medium', 'medium', 'medium', 'hard']"
20,45.63207223,19.56285427,2.204397105,24.23368267,8.366993719,"['easy', 'easy', 'medium', 'medium', 'medium']"
20,27.70103297,3.250618224,16.60370833,1.259462097,51.18517838,"['easy', 'easy', 'medium', 'medium', 'medium']"
20,23.70506423,20.66571304,12.77262717,40.34883523,2.507760329,"['easy', 'easy', 'medium', 'medium', 'medium']"
20,51.70045071,4.431048751,20.56518784,7.315513745,15.98779895,"['easy', 'easy', 'medium', 'medium', 'medium']"
100,51.73587453,4.475348797,18.62524966,4.33743707,20.82608994,"['medium', 'medium', 'hard', 'hard', 'medium']"
80,17.58259133,9.115756777,32.72438688,20.08718739,20.49007761,"['medium', 'medium', 'hard', 'hard', 'medium']"
40,27.65221337,34.56070885,15.31391222,16.51742201,5.955743561,"['easy', 'medium', 'medium', 'medium', 'hard']"
40,17.38451097,37.5629321,10.8989302,5.361370525,28.79225621,"['easy', 'easy', 'medium', 'medium', 'medium']"
40,20.44299156,9.047506866,46.05118771,0.476301077,23.98201279,"['easy', 'easy', 'medium', 'medium', 'medium']"
80,22.42208746,9.33372079,55.11622482,6.038810314,7.089156612,"['medium', 'medium', 'hard', 'hard', 'medium']"
20,26.93663947,33.6183275,1.007093759,32.13325375,6.304685514,"['easy', 'easy', 'medium', 'medium', 'medium']"
20,1.746153829,23.67118693,11.92933725,0.874843202,61.77847879,"['easy', 'easy', 'medium', 'medium', 'medium']"
20,0.403079544,1.891173122,38.17513098,4.457600264,55.07301609,"['easy', 'easy', 'medium', 'medium', 'medium']"
80,19.147398,27.64169202,14.9488489,8.124152587,30.13790848,"['medium', 'medium', 'hard', 'hard', 'medium']"
20,29.28779184,34.40301265,5.379276102,21.63428497,9.295634445,"['easy', 'easy', 'medium', 'medium', 'medium']"
100,21.50579576,1.351971581,29.76835869,36.5568275,10.81704648,"['medium', 'medium', 'hard', 'hard', 'medium']"
20,28.24275964,29.66434958,24.19132676,16.42558453,1.475979485,"['easy', 'easy', 'medium', 'medium', 'medium']"
80,3.013409537,41.97755844,17.00318921,3.345865465,34.65997735,"['medium', 'medium', 'hard', 'hard', 'medium']"
60,1.269689643,22.6380499,3.486262843,64.63062238,7.975375232,"['medium', 'medium', 'hard', 'hard', 'medium']"
40,30.08425113,37.08449289,8.953144837,9.255750981,14.62236016,"['easy', 'easy', 'medium', 'medium', 'medium']"
0,22.39578682,18.6983406,16.42084057,25.40394571,17.0810863,"['easy', 'easy', 'medium', 'medium', 'medium']"
20,76.96805984,3.179607967,1.174706011,5.25755502,13.42007116,"['easy', 'easy', 'medium', 'medium', 'medium']"
0,16.60201374,16.94948368,31.95841591,11.18734653,23.30274014,"['easy', 'easy', 'medium', 'medium', 'medium']"
100,27.52424383,3.663525208,5.324224471,8.0479817,55.44002479,"['easy', 'medium', 'medium', 'medium', 'hard']"
80,16.53026704,35.24103932,0.837431303,43.10003388,4.291228457,"['medium', 'medium', 'hard', 'hard', 'medium']"
40,7.487641611,43.12264305,34.83199305,11.93217658,2.625545709,"['easy', 'easy', 'medium', 'medium', 'medium']"
80,0.466507449,49.21204209,22.47679444,6.018541958,21.82611406,"['medium', 'medium', 'hard', 'hard', 'medium']"
20,9.191910371,9.094592121,24.33124442,40.05733,17.32492309,"['easy', 'easy', 'medium', 'medium', 'medium']"
40,22.84652871,0.593394935,5.634998397,38.95621826,31.96885969,"['easy', 'medium', 'medium', 'medium', 'hard']"
0,7.684213281,29.13519345,13.19490919,17.91832869,32.06735539,"['easy', 'easy', 'medium', 'medium', 'medium']"
80,12.73298055,26.54769186,8.530523125,12.59274513,39.59605934,"['medium', 'medium', 'hard', 'hard', 'medium']"
80,41.13157538,20.0537069,9.651763761,26.63537269,2.527581265,"['medium', 'medium', 'hard', 'hard', 'medium']"
20,8.012729799,22.13207213,23.22344607,3.02011022,43.61164178,"['easy', 'easy', 'medium', 'medium', 'medium']"
60,1.254722215,3.224630506,9.278104193,60.34740258,25.89514051,"['medium', 'medium', 'hard', 'hard', 'medium']"
40,9.035037771,41.7797726,32.55460297,14.59183922,2.038747439,"['easy', 'easy', 'medium', 'medium', 'medium']"
0,17.54973832,44.39646387,3.083249441,28.21066639,6.75988197,"['easy', 'easy', 'medium', 'medium', 'medium']"
80,44.60238815,11.81975335,29.75822783,3.548796248,10.27083442,"['medium', 'medium', 'hard', 'hard', 'medium']"
80,24.60384044,18.8997771,29.18547154,26.12199507,1.188915842,"['medium', 'medium', 'hard', 'hard', 'medium']"
20,8.597058249,15.6606231,5.524784248,7.326309112,62.89122529,"['easy', 'easy', 'medium', 'medium', 'medium']"
60,23.94887489,4.423385859,28.40770245,6.939901149,36.28013565,"['medium', 'medium', 'hard', 'hard', 'medium']"
100,10.76959579,2.155350237,12.98429861,33.4156021,40.67515326,"['easy', 'medium', 'medium', 'medium', 'hard']"
20,31.02052025,30.53893434,3.521261043,13.17789983,21.74138454,"['easy', 'easy', 'medium', 'medium', 'medium']"
60,7.107365406,82.35571115,7.055284708,0.876983021,2.604655716,"['medium', 'medium', 'hard', 'hard', 'medium']"
0,42.41786331,19.04666913,5.692870128,12.37639283,20.4662046,"['easy', 'easy', 'medium', 'medium', 'medium']"
60,18.45043249,34.76729138,10.72322355,15.27713235,20.78192024,"['medium', 'medium', 'hard', 'hard', 'medium']"
80,11.1159282,23.38830198,2.844125716,0.892618352,61.75902574,"['easy', 'medium', 'medium', 'medium', 'hard']"
60,12.9298961,27.57056958,16.21820351,30.10202488,13.17930594,"['medium', 'medium', 'hard', 'hard', 'medium']"
0,43.62480891,2.440704438,19.25438873,13.01460991,21.66548801,"['easy', 'easy', 'medium', 'medium', 'medium']"
40,21.66797017,1.730789821,37.49366169,18.03035495,21.07722337,"['easy', 'easy', 'medium', 'medium', 'medium']"
100,29.29364426,32.5993441,17.24544889,16.636433,4.225129755,"['medium', 'medium', 'hard', 'hard', 'medium']"
20,36.76901222,26.0783462,23.05375557,8.209860519,5.88902549,"['easy', 'easy', 'medium', 'medium', 'medium']"
20,4.567091691,56.3893109,3.740348088,1.263550932,34.03969839,"['easy', 'easy', 'medium', 'medium', 'medium']"
80,18.5837646,5.373771498,40.10290241,22.05417491,13.88538659,"['medium', 'medium', 'hard', 'hard', 'medium']"
60,0.050488268,55.80292862,6.683904759,34.36572502,3.096953337,"['easy', 'medium', 'medium', 'medium', 'hard']"
60,2.40757803,26.6390292,13.90903409,12.40568192,44.63867675,"['easy', 'medium', 'medium', 'medium', 'hard']"
80,26.39073419,51.90952912,8.826917771,9.969932701,2.902886212,"['medium', 'hard', 'hard', 'hard', 'hard']"
80,14.50223454,46.72743301,6.595225963,18.79520768,13.3798988,"['medium', 'medium', 'hard', 'hard', 'medium']"
60,5.843590158,8.588316558,28.23774636,1.812416691,55.51793023,"['easy', 'medium', 'medium', 'medium', 'hard']"
20,18.97429223,10.0821887,45.59116113,0.568628836,24.7837291,"['easy', 'easy', 'medium', 'medium', 'medium']"
80,27.23634286,7.372538636,57.0624568,4.509701328,3.818960378,"['medium', 'medium', 'hard', 'hard', 'medium']"
40,18.71182767,28.3510307,7.809292466,15.32577302,29.80207615,"['easy', 'easy', 'medium', 'medium', 'medium']"
20,20.45358501,34.14523111,25.55205431,16.41591144,3.433218123,"['easy', 'easy', 'medium', 'medium', 'medium']"
20,13.3281369,31.55437858,10.4400252,24.89834265,19.77911668,"['easy', 'easy', 'medium', 'medium', 'medium']"
20,7.758594251,61.1195173,9.95543795,4.41877735,16.74767314,"['easy', 'easy', 'medium', 'medium', 'medium']"
60,23.12965467,21.63368063,24.26639231,28.97839821,1.991874182,"['medium', 'medium', 'hard', 'hard', 'medium']"
0,22.54954042,24.56787164,42.58440881,7.215822607,3.082356532,"['easy', 'easy', 'medium', 'medium', 'medium']"
80,19.66776594,12.75344986,25.42336102,27.23793079,14.91749239,"['medium', 'medium', 'hard', 'hard', 'medium']"
40,2.402918395,23.3157844,4.829551068,27.354855,42.09689113,"['easy', 'easy', 'medium', 'medium', 'medium']"
100,18.73787946,17.26358122,40.18078587,5.686741644,18.13101179,"['medium', 'medium', 'hard', 'hard', 'medium']"
80,9.90967161,54.55860965,2.566677325,17.35910675,15.60593467,"['medium', 'hard', 'hard', 'hard', 'hard']"
20,12.5493795,53.26171777,7.386643885,19.499568,7.302690854,"['easy', 'easy', 'medium', 'medium', 'medium']"
40,26.05166446,7.868723901,16.71145493,49.11969366,0.248463044,"['easy', 'easy', 'medium', 'medium', 'medium']"
100,17.04939673,18.04274205,11.32773751,16.41464619,37.16547752,"['medium', 'medium', 'hard', 'hard', 'medium']"
40,50.69205715,13.33700249,4.499510317,26.84437411,4.627055932,"['easy', 'easy', 'medium', 'medium', 'medium']"
100,28.68084204,50.81297729,4.844581902,11.0459309,4.61566787,"['medium', 'hard', 'hard', 'hard', 'hard']"
20,19.91039904,14.32738637,35.10046307,9.477169173,21.18458233,"['easy', 'easy', 'medium', 'medium', 'medium']"
40,2.733292289,32.33055158,25.56064769,38.82194203,0.553566405,"['easy', 'medium', 'medium', 'medium', 'hard']"
20,25.24013608,23.24418216,17.16836047,1.850080628,32.49724066,"['easy', 'easy', 'medium', 'medium', 'medium']"
20,4.860185029,19.82541693,18.28439516,1.410007166,55.61999571,"['easy', 'easy', 'medium', 'medium', 'medium']"
40,36.39701485,18.18225334,19.19402831,12.62980506,13.59689844,"['easy', 'medium', 'medium', 'medium', 'hard']"
60,15.56355591,67.33163573,13.80227199,2.653260361,0.649276008,"['easy', 'medium', 'medium', 'medium', 'hard']"
0,59.29357319,11.47250355,9.084230186,1.02379787,19.12589521,"['easy', 'easy', 'medium', 'medium', 'medium']"
20,0.908955001,15.55362725,10.67164588,49.72403716,23.14173471,"['easy', 'easy', 'medium', 'medium', 'medium']"
60,38.50732727,34.34765377,11.55216718,10.54084468,5.0520071,"['medium', 'medium', 'hard', 'hard', 'medium']"
100,12.10901349,12.03223644,8.801009283,47.47350003,19.58424076,"['medium', 'medium', 'hard', 'hard', 'medium']"
40,1.864814754,3.478153023,53.44610147,27.48743927,13.72349147,"['easy', 'easy', 'medium', 'medium', 'medium']"
0,17.72149506,26.48555955,43.45455402,6.099316996,6.239074371,"['easy', 'easy', 'medium', 'medium', 'medium']"
60,6.90076821,29.53774652,21.24427442,34.76034899,7.556861856,"['medium', 'medium', 'hard', 'hard', 'medium']"
100,18.68716863,34.8137277,7.939396614,37.87390596,0.685801085,"['medium', 'medium', 'hard', 'hard', 'medium']"
40,0.776098478,22.99112012,13.83360825,61.73194005,0.667233101,"['easy', 'easy', 'medium', 'medium', 'medium']"
60,48.3336423,23.5713307,19.74580279,7.1017362,1.247488007,"['medium', 'medium', 'hard', 'hard', 'medium']"
60,46.33645313,19.45345192,20.81093308,7.636236009,5.76292587,"['easy', 'medium', 'medium', 'medium', 'hard']"
80,7.021781573,21.66178904,51.54453157,6.664229128,13.10766869,"['medium', 'medium', 'hard', 'hard', 'medium']"
80,13.32596337,56.27112642,8.722609735,1.422686142,20.25761434,"['medium', 'hard', 'hard', 'hard', 'hard']"
60,26.45269339,39.19904955,9.836130011,22.49802723,2.014099825,"['easy', 'medium', 'medium', 'medium', 'hard']"
60,51.57877402,4.597664951,2.338116423,35.31310538,6.172339223,"['medium', 'medium', 'hard', 'hard', 'medium']"
100,12.02457038,8.937811636,14.42402628,42.54937952,22.06421218,"['medium', 'medium', 'hard', 'hard', 'medium']"
100,23.58995122,37.34286295,12.17545254,25.29518298,1.596550305,"['medium', 'medium', 'hard', 'hard', 'medium']"
40,26.68138605,16.60538152,0.103948498,54.77381465,1.835469278,"['easy', 'easy', 'medium', 'medium', 'medium']"
60,5.235127697,29.64907188,27.98326332,11.45012606,25.68241105,"['medium', 'medium', 'hard', 'hard', 'medium']"
100,19.92197058,10.94410576,29.59554671,4.711155938,34.82722101,"['medium', 'medium', 'hard', 'hard', 'medium']"
60,6.246021565,1.933749789,35.7455566,21.63261895,34.4420531,"['easy', 'medium', 'medium', 'medium', 'hard']"
60,19.01065085,33.19834702,10.54314312,28.80290848,8.444950529,"['medium', 'medium', 'hard', 'hard', 'medium']"
40,6.214677945,17.85384398,44.11192658,18.69066809,13.12888341,"['easy', 'medium', 'medium', 'medium', 'hard']"
100,18.18499252,9.964605914,42.91880155,26.85076413,2.080835892,"['medium', 'medium', 'hard', 'hard', 'medium']"
60,28.58204462,5.067226557,24.51170038,41.21013985,0.628888589,"['easy', 'medium', 'medium', 'medium', 'hard']"
20,14.60437706,35.25122695,9.036099691,30.99404734,10.11424896,"['easy', 'easy', 'medium', 'medium', 'medium']"
60,11.30925508,78.03759131,7.365841575,2.989688997,0.297623033,"['easy', 'medium', 'medium', 'medium', 'hard']"
60,80.85525403,0.763277857,4.304397072,4.945107424,9.131963617,"['easy', 'medium', 'medium', 'medium', 'hard']"
60,22.15575974,7.726807729,27.90817167,18.0100291,24.19923176,"['medium', 'medium', 'hard', 'hard', 'medium']"
20,44.59392821,37.76420849,8.522719119,2.936771798,6.18237238,"['easy', 'easy', 'medium', 'medium', 'medium']"
100,5.93856622,58.21872876,4.681241846,3.043268283,28.11819489,"['medium', 'hard', 'hard', 'hard', 'hard']"
100,36.52604612,16.62459526,8.853086006,6.009381729,31.98689088,"['medium', 'medium', 'hard', 'hard', 'medium']"
40,27.64868005,9.141082863,0.99518023,30.08823403,32.12682282,"['easy', 'easy', 'medium', 'medium', 'medium']"
0,37.48718511,4.062058621,40.11914493,6.679013856,11.65259748,"['easy', 'easy', 'medium', 'medium', 'medium']"
40,23.976396,2.995680641,10.24751048,44.0932807,18.68713218,"['easy', 'medium', 'medium', 'medium', 'hard']"
40,29.78683242,5.124916822,7.344335094,22.81974235,34.92417331,"['easy', 'easy', 'medium', 'medium', 'medium']"
0,26.9712243,48.11490873,4.147990204,2.004878743,18.76099802,"['easy', 'easy', 'medium', 'medium', 'medium']"
40,10.72223197,0.395569833,13.84888639,15.75077294,59.28253888,"['easy', 'medium', 'medium', 'medium', 'hard']"
60,2.994514208,12.99488179,19.82388218,18.47666642,45.7100554,"['easy', 'medium', 'medium', 'medium', 'hard']"
60,2.816915132,10.04455872,45.16903635,20.73546576,21.23402405,"['easy', 'medium', 'medium', 'medium', 'hard']"
40,23.19625045,6.148740795,19.41227036,15.86941212,35.37332627,"['easy', 'easy', 'medium', 'medium', 'medium']"
40,10.51002575,12.90721972,1.244472631,51.26640021,24.07188169,"['easy', 'easy', 'medium', 'medium', 'medium']"
20,16.3246248,16.43368102,36.81447387,3.965965682,26.46125463,"['easy', 'easy', 'medium', 'medium', 'medium']"
60,57.98920752,18.3155373,10.98403627,2.838312705,9.872906202,"['easy', 'medium', 'medium', 'medium', 'hard']"
0,25.32976738,8.274042142,26.93133764,29.59222379,9.87262905,"['easy', 'easy', 'medium', 'medium', 'medium']"
60,36.3226279,9.772151533,22.28906399,13.97904758,17.63710899,"['medium', 'medium', 'hard', 'hard', 'medium']"
100,1.202584008,44.37678236,14.02580048,2.470675903,37.92415725,"['medium', 'medium', 'hard', 'hard', 'medium']"
20,46.53490822,5.695041469,7.26651864,23.42542777,17.0781039,"['easy', 'easy', 'medium', 'medium', 'medium']"
0,24.88536333,9.396611341,17.26226222,9.903869543,38.55189357,"['easy', 'easy', 'medium', 'medium', 'medium']"
20,28.5972452,7.844494402,46.76337629,0.194552058,16.60033204,"['easy', 'easy', 'medium', 'medium', 'medium']"
100,0.358156237,2.715221161,8.568798773,45.44533241,42.91249142,"['easy', 'medium', 'medium', 'medium', 'hard']"
80,17.03761916,6.077179222,33.530832,33.54710869,9.807260922,"['medium', 'medium', 'hard', 'hard', 'medium']"
80,18.79702607,60.79688025,9.071849695,3.63089458,7.703349404,"['medium', 'hard', 'hard', 'hard', 'hard']"
60,39.18478885,2.006724435,31.65070462,24.97008311,2.187698979,"['easy', 'medium', 'medium', 'medium', 'hard']"
80,29.85242045,26.73128244,3.494857812,1.420435786,38.50100351,"['medium', 'medium', 'hard', 'hard', 'medium']"
80,17.568251,1.540433602,11.98909152,8.349612803,60.55261107,"['easy', 'medium', 'medium', 'medium', 'hard']"
80,63.10914289,11.67858512,8.001808886,7.090354206,10.1201089,"['medium', 'medium', 'hard', 'hard', 'medium']"
60,22.95950128,7.729300445,24.35681033,34.97332431,9.981063632,"['medium', 'medium', 'hard', 'hard', 'medium']"
40,22.72680123,9.341742391,2.865086444,46.8336697,18.23270023,"['easy', 'easy', 'medium', 'medium', 'medium']"
0,6.704088529,34.01421236,5.787009895,53.00809438,0.486594836,"['easy', 'easy', 'medium', 'medium', 'medium']"
40,8.708220667,27.47930418,3.082525668,20.48248097,40.24746851,"['easy', 'medium', 'medium', 'medium', 'hard']"
100,18.39320728,49.47571938,6.430378115,4.397411212,21.303284,"['medium', 'medium', 'hard', 'hard', 'medium']"
40,46.45314651,14.70237417,14.991981,16.38804421,7.464454104,"['easy', 'easy', 'medium', 'medium', 'medium']"
0,5.749925647,41.9613728,27.40224426,18.28421705,6.60224024,"['easy', 'easy', 'medium', 'medium', 'medium']"
80,6.22335657,40.14659641,6.694065621,3.305203932,43.63077747,"['easy', 'medium', 'medium', 'medium', 'hard']"
20,16.80204558,24.3585369,41.58664493,11.49859116,5.754181429,"['easy', 'easy', 'medium', 'medium', 'medium']"
100,46.6676762,14.82636259,21.8335821,8.519549797,8.152829313,"['medium', 'medium', 'hard', 'hard', 'medium']"
40,22.18622816,27.51003925,5.402027104,27.1085194,17.79318609,"['easy', 'easy', 'medium', 'medium', 'medium']"
80,24.50850903,22.53045657,21.20950632,12.39113712,19.36039095,"['medium', 'medium', 'hard', 'hard', 'medium']"
60,63.28611941,8.964217268,22.88627306,4.08990552,0.773484744,"['easy', 'medium', 'medium', 'medium', 'hard']"
0,12.02737663,14.24583115,33.479224,32.34597464,7.901593581,"['easy', 'easy', 'medium', 'medium', 'medium']"
60,28.30152532,20.41429917,15.40065955,26.51312933,9.370386628,"['easy', 'medium', 'medium', 'medium', 'hard']"
80,3.184335029,56.02121006,9.993316636,19.91110478,10.8900335,"['medium', 'medium', 'hard', 'hard', 'medium']"
40,48.77679794,14.9756849,4.960327396,14.34174182,16.94544796,"['easy', 'easy', 'medium', 'medium', 'medium']"
40,22.00708607,10.1747792,3.817932781,58.40942508,5.590776864,"['easy', 'easy', 'medium', 'medium', 'medium']"
20,6.010898084,33.18392224,10.0236824,48.87829102,1.903206259,"['easy', 'easy', 'medium', 'medium', 'medium']"
60,10.11835547,22.133435,17.5847367,1.753075129,48.41039769,"['easy', 'medium', 'medium', 'medium', 'hard']"
40,43.6525218,16.12320544,7.592765193,21.43930649,11.19220107,"['easy', 'easy', 'medium', 'medium', 'medium']"
80,16.87549727,10.97618842,25.48342399,0.004547328,46.660343,"['easy', 'medium', 'medium', 'medium', 'hard']"
60,6.954649913,50.60420683,15.03464624,18.44250247,8.963994543,"['easy', 'medium', 'medium', 'medium', 'hard']"
80,81.38108616,0.79418951,0.016191295,2.199318395,15.60921464,"['medium', 'medium', 'hard', 'hard', 'medium']"
60,18.36126736,11.26639585,3.160414543,4.242922926,62.96899932,"['easy', 'medium', 'medium', 'medium', 'hard']"
100,34.09369697,16.21609161,13.0194218,12.23863665,24.43215297,"['medium', 'medium', 'hard', 'hard', 'medium']"
80,14.4640345,11.89020618,37.86313969,35.08889154,0.693728099,"['medium', 'medium', 'hard', 'hard', 'medium']"
40,12.35162659,23.8035582,9.122110369,28.05983416,26.66287067,"['easy', 'medium', 'medium', 'medium', 'hard']"
0,13.07191965,1.667099088,63.21174647,5.120848984,16.9283858,"['easy', 'easy', 'medium', 'medium', 'medium']"
40,29.34859961,1.805404015,20.29898525,9.4225024,39.12450873,"['easy', 'easy', 'medium', 'medium', 'medium']"
80,34.77988195,29.01915103,17.58365136,0.839102681,17.77821299,"['medium', 'medium', 'hard', 'hard', 'medium']"
60,29.14500018,16.13284023,5.807614068,7.868428266,41.04611726,"['easy', 'medium', 'medium', 'medium', 'hard']"
80,5.383663427,14.03841551,6.086015535,28.3146854,46.17722012,"['easy', 'medium', 'medium', 'medium', 'hard']"
80,1.616630749,59.02037593,3.66906053,3.396361461,32.29757133,"['medium', 'medium', 'hard', 'hard', 'medium']"
60,55.4325919,1.259528628,32.0254091,8.29095476,2.991515616,"['easy', 'medium', 'medium', 'medium', 'hard']"
0,46.41254458,1.929128964,23.95255661,18.10398029,9.601789563,"['easy', 'easy', 'medium', 'medium', 'medium']"
40,45.03087686,1.570375429,17.47152615,22.58589329,13.34132827,"['easy', 'medium', 'medium', 'medium', 'hard']"
80,55.84659068,9.366414208,14.85243044,13.92740515,6.007159521,"['medium', 'medium', 'hard', 'hard', 'medium']"
20,16.6863635,20.71430958,41.55116677,11.39923794,9.64892221,"['easy', 'easy', 'medium', 'medium', 'medium']"
80,21.63508117,36.3913734,13.25773717,9.906092797,18.80971546,"['medium', 'medium', 'hard', 'hard', 'medium']"
40,6.723534833,4.336001655,59.95097577,16.32506556,12.66442218,"['easy', 'easy', 'medium', 'medium', 'medium']"
60,28.49837119,3.636525448,46.72821465,0.098631675,21.03825704,"['medium', 'medium', 'hard', 'hard', 'medium']"
60,8.128575561,3.754353768,35.24413771,33.2457265,19.62720646,"['medium', 'medium', 'hard', 'hard', 'medium']"
20,8.13173143,25.08382062,62.65157073,3.619186346,0.513690871,"['easy', 'easy', 'medium', 'medium', 'medium']"
0,44.66041127,6.501872587,42.94382778,0.835933854,5.057954508,"['easy', 'easy', 'medium', 'medium', 'medium']"
0,0.643306776,35.47559166,62.04967278,1.742393924,0.089034856,"['easy', 'easy', 'medium', 'medium', 'medium']"
40,0.628005668,12.19035677,1.755643036,69.31040784,16.11558669,"['easy', 'medium', 'medium', 'medium', 'hard']"
60,46.05262771,30.11102204,11.86718422,9.235369262,2.733796766,"['medium', 'medium', 'hard', 'hard', 'medium']"
80,5.016227903,30.18279698,20.04284902,17.87315828,26.88496782,"['medium', 'medium', 'hard', 'hard', 'medium']"
0,7.369021512,16.85247245,49.21605986,9.929446541,16.63299964,"['easy', 'easy', 'medium', 'medium', 'medium']"
60,22.14699478,6.149007687,40.93251735,27.57755774,3.193922443,"['medium', 'medium', 'hard', 'hard', 'medium']"
20,41.28458318,31.99874405,12.78760693,13.4431227,0.485943137,"['easy', 'easy', 'medium', 'medium', 'medium']"
100,4.303780161,30.74456267,49.69725754,6.714192694,8.540206932,"['medium', 'medium', 'hard', 'hard', 'medium']"
100,30.89543305,9.189573952,8.118101927,41.85715796,9.939733114,"['medium', 'medium', 'hard', 'hard', 'medium']"
40,11.74040475,40.23106208,1.953876679,37.36033882,8.714317664,"['easy', 'medium', 'medium', 'medium', 'hard']"
100,23.37649992,8.93817733,6.857040653,0.918365291,59.90991681,"['easy', 'medium', 'medium', 'medium', 'hard']"
100,4.891776389,13.39758542,41.12215239,5.114358486,35.47412731,"['medium', 'medium', 'hard', 'hard', 'medium']"
100,7.720019259,19.35590425,40.00529376,20.40297284,12.51580989,"['medium', 'medium', 'hard', 'hard', 'medium']"
80,69.37651544,1.502058394,18.82058552,2.025548496,8.275292153,"['medium', 'medium', 'hard', 'hard', 'medium']"
40,6.309715158,28.30229994,39.03589892,10.83688117,15.51520482,"['easy', 'medium', 'medium', 'medium', 'hard']"
60,2.192930725,7.112520004,39.23264744,7.407074327,44.0548275,"['easy', 'medium', 'medium', 'medium', 'hard']"
20,16.837223,4.136007636,22.50038859,23.42279213,33.10358864,"['easy', 'easy', 'medium', 'medium', 'medium']"
40,41.12616884,13.98278002,21.80297314,14.44791172,8.640166293,"['easy', 'easy', 'medium', 'medium', 'medium']"
80,2.260312498,48.8897916,3.324760605,22.99113411,22.53400118,"['medium', 'medium', 'hard', 'hard', 'medium']"
100,12.7261241,2.124376052,23.238619,36.11455657,25.79632428,"['medium', 'medium', 'hard', 'hard', 'medium']"
60,5.841198869,46.8947374,21.64277727,23.69300714,1.928279331,"['easy', 'medium', 'medium', 'medium', 'hard']"
60,14.64413345,69.11914805,1.660048468,9.246572105,5.330097936,"['easy', 'medium', 'medium', 'medium', 'hard']"
80,3.990410689,62.01436157,0.252424237,17.01943037,16.72337312,"['medium', 'medium', 'hard', 'hard', 'medium']"
20,25.9189573,43.84090674,18.92864891,10.05571833,1.255768714,"['easy', 'easy', 'medium', 'medium', 'medium']"
20,66.3949889,5.387356398,2.757367464,24.42234187,1.037945369,"['easy', 'easy', 'medium', 'medium', 'medium']"
20,5.902768695,19.8559177,15.27174042,34.53956457,24.43000861,"['easy', 'easy', 'medium', 'medium', 'medium']"
0,1.015345297,53.58985343,6.321019099,4.004213682,35.06956849,"['easy', 'easy', 'medium', 'medium', 'medium']"
40,59.80734924,3.483805523,21.29440145,3.322349286,12.0920945,"['easy', 'medium', 'medium', 'medium', 'hard']"
80,35.62386926,24.21619973,10.46991048,16.01367457,13.67634596,"['medium', 'medium', 'hard', 'hard', 'medium']"
80,23.42695521,17.93435756,7.992867506,40.13676814,10.50905159,"['medium', 'medium', 'hard', 'hard', 'medium']"
0,3.761878967,7.277439547,36.08927627,5.47522576,47.39617945,"['easy', 'easy', 'medium', 'medium', 'medium']"
60,7.512994377,13.42656302,9.501630809,15.89108793,53.66772386,"['easy', 'medium', 'medium', 'medium', 'hard']"
0,9.184244556,10.39734235,25.76968129,29.33162506,25.31710673,"['easy', 'easy', 'medium', 'medium', 'medium']"
20,25.76775984,13.64999373,34.01112339,15.76739865,10.80372439,"['easy', 'easy', 'medium', 'medium', 'medium']"
40,12.44438495,10.53632525,22.41576589,20.23465142,34.3688725,"['easy', 'easy', 'medium', 'medium', 'medium']"
20,47.81066892,8.56743338,8.462179128,27.82290243,7.336816134,"['easy', 'easy', 'medium', 'medium', 'medium']"
100,28.51969946,34.37386327,11.49235523,6.53052171,19.08356032,"['medium', 'medium', 'hard', 'hard', 'medium']"
80,48.68957713,12.76833951,12.14550324,25.82619959,0.570380525,"['medium', 'medium', 'hard', 'hard', 'medium']"
100,4.140424089,40.59056525,17.72260225,24.63908279,12.90732562,"['medium', 'medium', 'hard', 'hard', 'medium']"
40,25.00394321,38.52990392,14.34094886,17.74421148,4.380992531,"['easy', 'medium', 'medium', 'medium', 'hard']"
80,4.016487562,26.61026718,13.94151826,8.375049241,47.05667776,"['easy', 'medium', 'medium', 'medium', 'hard']"
60,4.824350214,3.524989217,13.21963767,19.55019855,58.88082435,"['easy', 'medium', 'medium', 'medium', 'hard']"
40,29.64834689,49.93992223,0.495073762,12.557939,7.358718105,"['easy', 'medium', 'medium', 'medium', 'hard']"
40,6.317793275,28.26808105,0.358199928,45.1533852,19.90254055,"['easy', 'easy', 'medium', 'medium', 'medium']"
40,1.79499286,5.932396267,13.73905555,37.38416615,41.14938918,"['easy', 'easy', 'medium', 'medium', 'medium']"
40,51.40192096,2.004594629,1.867363232,26.9228151,17.80330608,"['easy', 'easy', 'medium', 'medium', 'medium']"
60,31.59502814,58.33861739,7.685885532,1.928199059,0.452269876,"['medium', 'medium', 'hard', 'hard', 'medium']"
100,25.01020286,9.031208075,1.589086451,26.36495255,38.00455006,"['medium', 'medium', 'hard', 'hard', 'medium']"
60,9.834078014,0.33646279,32.28605363,3.151849557,54.39155601,"['easy', 'medium', 'medium', 'medium', 'hard']"
20,30.82574707,24.6327857,5.566987647,20.2210394,18.75344018,"['easy', 'easy', 'medium', 'medium', 'medium']"
0,12.52392968,60.64067485,12.75687015,8.543259678,5.53526564,"['easy', 'easy', 'medium', 'medium', 'medium']"
40,14.42573215,56.17312786,5.052911707,0.89843768,23.4497906,"['easy', 'easy', 'medium', 'medium', 'medium']"
20,0.534905261,8.859845118,51.68225329,31.54852022,7.37447611,"['easy', 'easy', 'medium', 'medium', 'medium']"
100,6.076807045,10.28711015,25.10566708,58.11582767,0.414588063,"['medium', 'medium', 'hard', 'hard', 'medium']"
80,3.204612562,4.929434777,33.91180238,47.9384058,10.01574449,"['medium', 'medium', 'hard', 'hard', 'medium']"
20,24.49577781,6.859371487,64.71610244,1.360600919,2.568147344,"['easy', 'easy', 'medium', 'medium', 'medium']"
60,32.65492389,24.26846111,13.41095491,16.36656478,13.29909531,"['easy', 'medium', 'medium', 'medium', 'hard']"
100,5.641507752,22.17956968,28.13590818,16.21118801,27.83182638,"['medium', 'medium', 'hard', 'hard', 'medium']"
20,22.89859657,14.26308893,37.08761835,4.097308503,21.65338765,"['easy', 'easy', 'medium', 'medium', 'medium']"
100,2.642943235,10.47389113,2.75653014,5.086794266,79.03984123,"['easy', 'medium', 'medium', 'medium', 'hard']"
40,2.831491676,4.199585859,32.00297485,21.03590238,39.93004524,"['easy', 'medium', 'medium', 'medium', 'hard']"
60,14.00598797,14.32826953,9.440824314,27.47476114,34.75015704,"['easy', 'medium', 'medium', 'medium', 'hard']"
60,41.30648077,38.56196349,5.275572772,13.50307824,1.352904729,"['medium', 'medium', 'hard', 'hard', 'medium']"
20,70.03275037,10.7775394,6.997063228,2.579583085,9.613063916,"['easy', 'easy', 'medium', 'medium', 'medium']"
20,12.58553676,1.903028633,44.00128053,40.47324231,1.03691177,"['easy', 'easy', 'medium', 'medium', 'medium']"
80,3.735558386,7.677730348,14.6035533,5.945320555,68.03783741,"['easy', 'medium', 'medium', 'medium', 'hard']"
80,47.05959472,2.427889653,24.68040738,20.12177644,5.710331818,"['medium', 'medium', 'hard', 'hard', 'medium']"
100,22.44908665,10.4581034,3.657689628,13.62923267,49.80588764,"['easy', 'medium', 'medium', 'medium', 'hard']"
0,0.825170408,28.63217467,6.904122905,25.91841851,37.72011351,"['easy', 'easy', 'medium', 'medium', 'medium']"
80,1.603438773,13.15745328,36.9694435,11.44672192,36.82294252,"['medium', 'medium', 'hard', 'hard', 'medium']"
80,38.15186089,13.42823262,10.37294277,13.38599297,24.66097075,"['medium', 'medium', 'hard', 'hard', 'medium']"
40,16.61403948,40.09624867,7.238573079,32.45845271,3.592686063,"['easy', 'easy', 'medium', 'medium', 'medium']"
20,25.13745724,25.00864838,2.307760463,12.2081648,35.33796912,"['easy', 'easy', 'medium', 'medium', 'medium']"
60,22.28909395,12.51664547,29.2692563,4.802964912,31.12203936,"['easy', 'medium', 'medium', 'medium', 'hard']"
100,12.40331642,32.78209167,15.45235707,19.35964691,20.00258793,"['medium', 'medium', 'hard', 'hard', 'medium']"
0,12.93273386,27.60997708,34.93054426,9.93515418,14.59159061,"['easy', 'easy', 'medium', 'medium', 'medium']"
60,18.20785546,12.28198681,20.56825221,46.90410662,2.037798891,"['medium', 'medium', 'hard', 'hard', 'medium']"
20,12.14560571,5.907098914,36.64879294,13.87366988,31.42483256,"['easy', 'easy', 'medium', 'medium', 'medium']"
60,1.449967931,28.37093754,53.87757483,6.091148065,10.21037164,"['medium', 'medium', 'hard', 'hard', 'medium']"
80,21.86963176,19.85546325,22.05255084,30.72256417,5.499789977,"['medium', 'medium', 'hard', 'hard', 'medium']"
40,8.415561743,48.90093048,2.524707725,39.30122572,0.857574336,"['easy', 'easy', 'medium', 'medium', 'medium']"
40,23.4160914,25.88646505,37.6573219,4.241307091,8.798814559,"['easy', 'easy', 'medium', 'medium', 'medium']"
80,15.08517075,46.22694766,6.437932759,22.34710757,9.902841263,"['medium', 'medium', 'hard', 'hard', 'medium']"
0,3.145707134,23.84135232,38.82025638,2.25732058,31.93536358,"['easy', 'easy', 'medium', 'medium', 'medium']"
100,1.342038478,9.418445184,39.57976111,8.471950161,41.18780507,"['easy', 'medium', 'medium', 'medium', 'hard']"
60,4.311074198,81.58878504,1.272443244,6.182646742,6.645050778,"['easy', 'medium', 'medium', 'medium', 'hard']"
80,17.38612983,43.68272061,8.508102273,4.511343992,25.9117033,"['medium', 'medium', 'hard', 'hard', 'medium']"
100,1.793988143,53.99534248,0.016304976,7.912333831,36.28203057,"['medium', 'hard', 'hard', 'hard', 'hard']"
80,24.13121331,7.834536146,13.21512623,18.18713561,36.6319887,"['medium', 'medium', 'hard', 'hard', 'medium']"
20,3.028046154,11.75662017,27.32599536,16.90237227,40.98696605,"['easy', 'easy', 'medium', 'medium', 'medium']"
0,0.664794467,37.68646428,25.23589719,8.197864282,28.21497978,"['easy', 'easy', 'medium', 'medium', 'medium']"
100,20.55693804,24.3902805,11.15122235,12.21056263,31.69099649,"['medium', 'medium', 'hard', 'hard', 'medium']"
40,2.030623391,26.97819716,13.32285043,21.03619271,36.6321363,"['easy', 'easy', 'medium', 'medium', 'medium']"
80,11.35775936,43.50390988,30.68504594,10.13303492,4.320249897,"['medium', 'medium', 'hard', 'hard', 'medium']"
80,12.59380202,51.62228782,17.18760581,3.137468158,15.45883618,"['medium', 'medium', 'hard', 'hard', 'medium']"
0,10.08601765,42.26371288,11.2523298,9.425460737,26.97247893,"['easy', 'easy', 'medium', 'medium', 'medium']"
80,2.438562556,21.72376122,2.789319076,49.19468115,23.85367599,"['medium', 'medium', 'hard', 'hard', 'medium']"
20,7.040333623,18.13549571,63.73511651,3.810202778,7.278851375,"['easy', 'easy', 'medium', 'medium', 'medium']"
20,57.19724319,5.610507253,9.194032057,27.57810277,0.420114729,"['easy', 'easy', 'medium', 'medium', 'medium']"
60,0.917076733,9.602922221,56.59153804,31.2887719,1.599691105,"['easy', 'medium', 'medium', 'medium', 'hard']"
80,31.73615959,0.315994097,8.399470546,8.1994404,51.34893537,"['easy', 'medium', 'medium', 'medium', 'hard']"
40,17.08109007,15.67378179,9.05977066,49.97422689,8.211130589,"['easy', 'easy', 'medium', 'medium', 'medium']"
80,12.18868661,7.27111996,35.35714512,31.20961251,13.9734358,"['medium', 'medium', 'hard', 'hard', 'medium']"
60,3.306193658,3.877230123,20.75602078,10.74724716,61.31330828,"['easy', 'medium', 'medium', 'medium', 'hard']"
60,3.594488786,38.35246748,33.20025036,10.27258798,14.5802054,"['medium', 'medium', 'hard', 'hard', 'medium']"
20,41.07132281,37.75496304,11.30366006,3.438938311,6.431115778,"['easy', 'easy', 'medium', 'medium', 'medium']"
20,60.14463923,32.42838492,4.077318092,1.380991918,1.968665843,"['easy', 'easy', 'medium', 'medium', 'medium']"
80,5.279907315,6.608907907,75.20510019,11.54894087,1.357143716,"['medium', 'medium', 'hard', 'hard', 'medium']"
80,12.52492116,49.19962656,9.719295205,19.01231827,9.543838808,"['medium', 'medium', 'hard', 'hard', 'medium']"
20,38.76342896,4.200400699,44.12519464,2.407304886,10.50367082,"['easy', 'easy', 'medium', 'medium', 'medium']"
100,0.336295587,0.814336243,27.77070542,54.75598587,16.32267689,"['medium', 'medium', 'hard', 'hard', 'medium']"
20,5.603344465,46.19624258,21.20547973,13.02651094,13.96842228,"['easy', 'easy', 'medium', 'medium', 'medium']"
0,44.7142601,2.316514759,20.47660283,30.14655118,2.346071127,"['easy', 'easy', 'medium', 'medium', 'medium']"
40,35.97689803,1.193913732,42.4698576,13.16981792,7.189512724,"['easy', 'easy', 'medium', 'medium', 'medium']"
80,34.69826985,17.41919496,12.75073895,27.91954193,7.212254303,"['medium', 'medium', 'hard', 'hard', 'medium']"
60,8.601372331,11.56449612,8.326428318,24.44709068,47.06061255,"['easy', 'medium', 'medium', 'medium', 'hard']"
0,17.08265886,13.97955575,7.272573556,60.67731844,0.987893392,"['easy', 'easy', 'medium', 'medium', 'medium']"
100,1.408527686,4.423052292,55.18300509,32.94522192,6.040193016,"['medium', 'medium', 'hard', 'hard', 'medium']"
100,23.4849438,42.74431105,11.6905455,10.2626709,11.81752876,"['medium', 'medium', 'hard', 'hard', 'medium']"
20,3.973523695,52.80639841,21.29906608,9.840386067,12.08062574,"['easy', 'easy', 'medium', 'medium', 'medium']"
40,4.842847201,6.148293617,59.54225569,15.55814858,13.90845491,"['easy', 'easy', 'medium', 'medium', 'medium']"
20,6.951045938,64.93163776,0.376468284,1.316248344,26.42459968,"['easy', 'easy', 'medium', 'medium', 'medium']"
0,17.90027968,6.659957466,19.28164382,37.07866062,19.07945842,"['easy', 'easy', 'medium', 'medium', 'medium']"
60,30.05520329,14.52498627,7.152542932,17.18766152,31.07960599,"['easy', 'medium', 'medium', 'medium', 'hard']"
40,7.785108008,40.54301437,43.40807496,5.094518197,3.169284465,"['easy', 'medium', 'medium', 'medium', 'hard']"
40,3.995516024,19.88911395,20.55813395,5.879084615,49.67815146,"['easy', 'easy', 'medium', 'medium', 'medium']"
60,3.183393834,12.64634649,16.68358986,42.81896912,24.66770071,"['medium', 'medium', 'hard', 'hard', 'medium']"
40,4.361064023,7.992829897,46.36938587,2.950461873,38.32625833,"['easy', 'medium', 'medium', 'medium', 'hard']"
0,14.92931708,30.53262137,34.84597613,16.42468884,3.267396579,"['easy', 'easy', 'medium', 'medium', 'medium']"
0,43.85019016,32.42199778,7.538002971,1.507927146,14.68188194,"['easy', 'easy', 'medium', 'medium', 'medium']"
60,23.20807293,8.286669152,25.38549094,39.52372044,3.596046544,"['medium', 'medium', 'hard', 'hard', 'medium']"
80,14.32674119,35.29006408,1.993953154,46.32618931,2.063052265,"['medium', 'medium', 'hard', 'hard', 'medium']"
40,5.521725898,8.723432429,11.19711572,9.788885076,64.76884087,"['easy', 'easy', 'medium', 'medium', 'medium']"
20,14.82171301,16.11790892,1.26409965,26.80821691,40.98806152,"['easy', 'easy', 'medium', 'medium', 'medium']"
40,29.72399308,1.846763847,2.808355217,27.88157873,37.73930913,"['easy', 'medium', 'medium', 'medium', 'hard']"
0,24.08980291,14.68533911,17.3803485,38.282396,5.562113479,"['easy', 'easy', 'medium', 'medium', 'medium']"
80,58.81304876,5.509194389,24.19145163,4.203771919,7.2825333,"['medium', 'medium', 'hard', 'hard', 'medium']"
60,6.350220177,34.05983702,34.3328099,7.168157823,18.08897507,"['medium', 'medium', 'hard', 'hard', 'medium']"
20,2.601667096,23.0230857,25.37288796,47.71204838,1.290310866,"['easy', 'easy', 'medium', 'medium', 'medium']"
100,9.318382854,9.189145525,44.65714457,24.63186178,12.20346527,"['medium', 'medium', 'hard', 'hard', 'medium']"
60,51.96198562,1.570138663,7.849006409,33.00917357,5.609695736,"['easy', 'medium', 'medium', 'medium', 'hard']"
0,2.581666062,41.78196297,45.42264849,9.16545643,1.048266048,"['easy', 'easy', 'medium', 'medium', 'medium']"
20,7.929991753,10.83122178,16.71167025,20.01619607,44.51092014,"['easy', 'easy', 'medium', 'medium', 'medium']"
100,3.417940265,19.102734,46.49345058,3.0404296,27.94544555,"['medium', 'medium', 'hard', 'hard', 'medium']"
20,7.042107216,19.70880155,15.72262576,41.7011581,15.82530738,"['easy', 'easy', 'medium', 'medium', 'medium']"
60,67.2397788,1.412986915,12.19781762,13.56228697,5.587129685,"['easy', 'medium', 'medium', 'medium', 'hard']"
40,0.364909607,7.384714012,83.68378073,3.969391587,4.597204064,"['easy', 'easy', 'medium', 'medium', 'medium']"
100,9.112419535,11.22073313,53.51940339,5.9524477,20.19499625,"['medium', 'medium', 'hard', 'hard', 'medium']"
40,15.75863244,24.93295944,34.28942206,12.33260497,12.6863811,"['easy', 'medium', 'medium', 'medium', 'hard']"
80,29.73192816,7.433637814,5.174111082,2.284463373,55.37585957,"['easy', 'medium', 'medium', 'medium', 'hard']"
60,27.66676195,22.2184049,9.584855404,19.54741976,20.98255799,"['easy', 'medium', 'medium', 'medium', 'hard']"
60,6.31754672,50.49244038,7.440512469,0.846135186,34.90336524,"['medium', 'medium', 'hard', 'hard', 'medium']"
20,7.14224435,36.9293416,30.96556198,16.36156651,8.601285553,"['easy', 'easy', 'medium', 'medium', 'medium']"
60,37.40611419,20.04732871,10.97368721,14.42974451,17.14312539,"['medium', 'medium', 'hard', 'hard', 'medium']"
40,3.823598372,53.95106064,5.470023308,27.21339839,9.54191929,"['easy', 'medium', 'medium', 'medium', 'hard']"
40,15.37172978,62.65410208,11.30576024,8.582174325,2.086233575,"['easy', 'easy', 'medium', 'medium', 'medium']"
40,7.218518618,33.49024505,7.503771895,10.59522016,41.19224427,"['easy', 'medium', 'medium', 'medium', 'hard']"
80,6.156987481,45.60998932,44.00746205,3.633735218,0.591825927,"['medium', 'medium', 'hard', 'hard', 'medium']"
40,22.27997759,14.00517355,34.08264041,13.78273451,15.84947393,"['easy', 'easy', 'medium', 'medium', 'medium']"
80,3.034188239,28.4248293,1.4150391,63.04984674,4.076096627,"['medium', 'medium', 'hard', 'hard', 'medium']"
0,21.31790462,9.286024557,17.03624244,47.2632169,5.096611484,"['easy', 'easy', 'medium', 'medium', 'medium']"
0,14.49286786,1.854761066,40.90208053,22.16540035,20.5848902,"['easy', 'easy', 'medium', 'medium', 'medium']"
80,8.110753389,0.585980991,18.57631861,25.08949884,47.63744817,"['easy', 'medium', 'medium', 'medium', 'hard']"
80,34.36936654,35.69860525,4.247578306,22.40262803,3.281821879,"['medium', 'medium', 'hard', 'hard', 'medium']"
20,14.2649735,29.26835881,11.34381283,16.45000532,28.67284954,"['easy', 'easy', 'medium', 'medium', 'medium']"
60,11.45813492,11.21614729,40.00766475,6.752021708,30.56603133,"['medium', 'medium', 'hard', 'hard', 'medium']"
80,1.052287198,8.637205515,43.3754728,23.78927283,23.14576165,"['medium', 'medium', 'hard', 'hard', 'medium']"
60,4.625259249,56.16818455,5.272660085,32.13767379,1.796222321,"['easy', 'medium', 'medium', 'medium', 'hard']"
0,15.1892492,15.73884927,44.85053395,11.44239718,12.77897039,"['easy', 'easy', 'medium', 'medium', 'medium']"
60,4.83575269,26.54458787,25.8928444,38.40111347,4.325701576,"['medium', 'medium', 'hard', 'hard', 'medium']"
60,5.228670086,28.61311777,17.42449169,30.97201485,17.7617056,"['medium', 'medium', 'hard', 'hard', 'medium']"
80,24.31453649,12.15221745,15.00990296,9.091108772,39.43223432,"['medium', 'medium', 'hard', 'hard', 'medium']"
80,11.26387552,13.40455962,41.32761515,22.1499977,11.85395201,"['medium', 'medium', 'hard', 'hard', 'medium']"
100,39.07959713,26.96323618,1.660264292,31.70405167,0.592850727,"['medium', 'medium', 'hard', 'hard', 'medium']"
80,22.26534148,6.975049607,2.267827543,33.95829134,34.53349003,"['medium', 'medium', 'hard', 'hard', 'medium']"
40,9.409612986,14.60450158,5.533848365,13.31525461,57.13678246,"['easy', 'medium', 'medium', 'medium', 'hard']"
0,31.54777108,19.51785419,15.1046794,20.14520774,13.68448759,"['easy', 'easy', 'medium', 'medium', 'medium']"
80,11.50856059,25.57901733,2.218150966,51.40216715,9.292103964,"['medium', 'medium', 'hard', 'hard', 'medium']"
20,1.945832238,48.16144974,8.360361948,10.17614573,31.35621034,"['easy', 'easy', 'medium', 'medium', 'medium']"
20,0.346065507,64.56896799,1.800814914,26.75361467,6.530536926,"['easy', 'easy', 'medium', 'medium', 'medium']"
80,1.564638336,13.55407661,45.67559902,24.83120504,14.37448099,"['medium', 'medium', 'hard', 'hard', 'medium']"
80,13.40771813,39.49163232,24.33466901,10.19671781,12.56926273,"['medium', 'medium', 'hard', 'hard', 'medium']"
80,1.399868554,57.61751425,15.18816957,24.22066349,1.573784129,"['medium', 'medium', 'hard', 'hard', 'medium']"
20,52.00538394,8.255895401,22.09622023,0.853318165,16.78918226,"['easy', 'easy', 'medium', 'medium', 'medium']"
20,12.87430384,33.73222418,6.355541171,33.79187375,13.24605706,"['easy', 'easy', 'medium', 'medium', 'medium']"
40,0.131887406,20.51128892,9.137981216,61.44825389,8.770588569,"['easy', 'medium', 'medium', 'medium', 'hard']"
20,5.914108646,47.7750746,18.12083454,5.1455194,23.04446282,"['easy', 'easy', 'medium', 'medium', 'medium']"
80,9.080938389,35.49431537,21.72973279,20.83252997,12.86248348,"['medium', 'medium', 'hard', 'hard', 'medium']"
0,5.844189597,12.15089847,77.97081295,0.838848509,3.195250482,"['easy', 'easy', 'medium', 'medium', 'medium']"
40,2.367745586,30.19533975,11.37384233,11.44754847,44.61552387,"['easy', 'medium', 'medium', 'medium', 'hard']"
80,46.87252562,23.88583434,14.585429,0.713974862,13.94223618,"['medium', 'medium', 'hard', 'hard', 'medium']"
0,1.626667328,1.102155229,37.31774192,59.70771487,0.245720649,"['easy', 'easy', 'medium', 'medium', 'medium']"
0,65.81425876,4.691190566,10.08391357,1.443195844,17.96744126,"['easy', 'easy', 'medium', 'medium', 'medium']"
60,26.91156881,22.19385531,23.10538082,18.60031242,9.188882647,"['medium', 'medium', 'hard', 'hard', 'medium']"
80,13.89941289,41.9182868,12.31977201,8.231453036,23.63107526,"['medium', 'medium', 'hard', 'hard', 'medium']"
20,24.65220616,6.223514375,14.68241334,13.07207861,41.36978752,"['easy', 'easy', 'medium', 'medium', 'medium']"
40,3.41079938,29.89354807,10.06475685,36.348707,20.2821887,"['easy', 'easy', 'medium', 'medium', 'medium']"
80,17.1470026,18.55953967,8.779293833,51.98614917,3.528014732,"['medium', 'medium', 'hard', 'hard', 'medium']"
20,4.141543077,6.070552673,72.37477911,2.397365881,15.01575926,"['easy', 'easy', 'medium', 'medium', 'medium']"
20,49.90084334,0.528108718,28.11622999,1.997788668,19.45702929,"['easy', 'easy', 'medium', 'medium', 'medium']"
80,17.80696705,10.8835514,40.36352317,17.52811554,13.41784285,"['medium', 'medium', 'hard', 'hard', 'medium']"
80,18.63323248,38.20838016,10.3374666,14.82305021,17.99787055,"['medium', 'medium', 'hard', 'hard', 'medium']"
20,9.675899466,23.20054203,17.56461245,17.76536657,31.79357948,"['easy', 'easy', 'medium', 'medium', 'medium']"
80,58.52839941,20.50342241,17.10862863,0.678686414,3.180863136,"['medium', 'medium', 'hard', 'hard', 'medium']"
60,1.256397587,18.0072459,2.814681721,24.17713273,53.74454206,"['easy', 'medium', 'medium', 'medium', 'hard']"
20,42.16865111,12.52426612,16.59919832,20.05452039,8.653364053,"['easy', 'easy', 'medium', 'medium', 'medium']"
100,24.95094548,40.01495366,8.917194985,21.16594353,4.950962354,"['medium', 'medium', 'hard', 'hard', 'medium']"
100,2.7036365,46.60542323,39.32408157,1.744036221,9.62282248,"['medium', 'medium', 'hard', 'hard', 'medium']"
20,4.783156449,20.33353139,10.07574692,2.871153719,61.93641152,"['easy', 'easy', 'medium', 'medium', 'medium']"
40,27.64174506,24.36597463,5.888715494,0.117680807,41.98588401,"['easy', 'medium', 'medium', 'medium', 'hard']"
100,20.90771169,14.38475933,28.85049034,1.682241896,34.17479675,"['medium', 'medium', 'hard', 'hard', 'medium']"
0,7.087750329,3.700991622,19.17562693,56.43272322,13.6029079,"['easy', 'easy', 'medium', 'medium', 'medium']"
60,39.34651255,2.933001982,25.32982546,1.833606158,30.55705385,"['medium', 'medium', 'hard', 'hard', 'medium']"
80,48.4838891,13.20196608,9.560003958,15.32403041,13.43011045,"['medium', 'medium', 'hard', 'hard', 'medium']"
100,14.0796063,31.35838712,10.30114482,29.64931551,14.61154625,"['medium', 'medium', 'hard', 'hard', 'medium']"
20,0.59242122,13.73955763,23.78653312,42.22896071,19.65252733,"['easy', 'easy', 'medium', 'medium', 'medium']"
100,8.060156228,62.94786102,5.194136283,20.25143658,3.546409893,"['medium', 'hard', 'hard', 'hard', 'hard']"
40,2.801262452,16.56831381,7.26110307,68.20594934,5.163371335,"['easy', 'easy', 'medium', 'medium', 'medium']"
80,13.68877382,30.40779669,13.24366809,20.09285798,22.56690341,"['medium', 'medium', 'hard', 'hard', 'medium']"
20,22.53378078,11.31805394,39.35491292,26.19041936,0.602833003,"['easy', 'easy', 'medium', 'medium', 'medium']"
80,27.90234639,5.623122822,24.27736871,27.68583408,14.511328,"['medium', 'medium', 'hard', 'hard', 'medium']"
20,20.62456201,27.6987614,24.15180655,6.158544469,21.36632557,"['easy', 'easy', 'medium', 'medium', 'medium']"
80,34.809376,4.322952175,5.240463962,26.98415683,28.64305103,"['medium', 'medium', 'hard', 'hard', 'medium']"
100,4.589990235,3.358302119,80.12263742,10.25907319,1.669997039,"['medium', 'medium', 'hard', 'hard', 'medium']"
40,23.83842504,19.04313024,15.88532285,1.492907173,39.7402147,"['easy', 'easy', 'medium', 'medium', 'medium']"
20,26.09495614,19.43038665,31.72857607,17.38835529,5.357725852,"['easy', 'easy', 'medium', 'medium', 'medium']"
60,28.15348341,2.449487333,30.50111201,34.71530749,4.180609758,"['easy', 'medium', 'medium', 'medium', 'hard']"
20,7.12201469,1.238437735,9.557623615,3.440007789,78.64191617,"['easy', 'easy', 'medium', 'medium', 'medium']"
60,30.37566401,21.98780404,2.622923,12.53085766,32.48275129,"['medium', 'medium', 'hard', 'hard', 'medium']"
60,10.98616645,18.84149974,2.552286215,26.26214004,41.35790755,"['easy', 'medium', 'medium', 'medium', 'hard']"
40,19.39608117,47.10598263,5.364200065,5.725883317,22.40785282,"['easy', 'medium', 'medium', 'medium', 'hard']"
60,15.4278516,4.222730133,21.49347907,31.61448793,27.24145126,"['easy', 'medium', 'medium', 'medium', 'hard']"
100,24.61288714,10.13305944,18.4756241,18.33179248,28.44663683,"['medium', 'medium', 'hard', 'hard', 'medium']"
40,45.94460596,21.38592053,4.050443323,24.2904767,4.32855349,"['easy', 'medium', 'medium', 'medium', 'hard']"
40,33.05599142,32.19253932,2.615248365,29.57245489,2.563766006,"['easy', 'easy', 'medium', 'medium', 'medium']"
80,23.0399634,22.69403961,4.557610046,38.07369605,11.63469089,"['medium', 'medium', 'hard', 'hard', 'medium']"
40,53.54743332,5.317808297,5.423812949,4.016145986,31.69479945,"['easy', 'medium', 'medium', 'medium', 'hard']"
0,5.879372511,23.89483376,28.08768261,26.36284117,15.77526995,"['easy', 'easy', 'medium', 'medium', 'medium']"
80,21.47294598,2.246132186,1.699136493,52.54282879,22.03895655,"['medium', 'medium', 'hard', 'hard', 'medium']"
40,35.07857029,7.897532465,25.78472658,9.590919934,21.64825074,"['easy', 'medium', 'medium', 'medium', 'hard']"
20,6.529940167,14.42214426,15.91647966,7.925535713,55.2059002,"['easy', 'easy', 'medium', 'medium', 'medium']"
40,9.957121845,0.068544884,12.5692772,15.96613347,61.4389226,"['easy', 'easy', 'medium', 'medium', 'medium']"
20,12.45441269,30.11140864,15.68062625,6.741681416,35.011871,"['easy', 'easy', 'medium', 'medium', 'medium']"
60,10.90011011,35.89295218,6.236816381,41.59867964,5.371441693,"['medium', 'medium', 'hard', 'hard', 'medium']"
100,22.89140108,17.33046821,23.12176781,25.67800526,10.97835764,"['medium', 'medium', 'hard', 'hard', 'medium']"
0,23.315822,30.30589358,12.60222555,3.013206675,30.7628522,"['easy', 'easy', 'medium', 'medium', 'medium']"
80,35.14240478,20.86124091,29.33059157,7.930838185,6.734924552,"['medium', 'medium', 'hard', 'hard', 'medium']"
40,27.14172282,12.63142629,34.13822914,14.49121419,11.59740756,"['easy', 'easy', 'medium', 'medium', 'medium']"
0,32.74716439,25.21297511,10.79206626,1.442887836,29.80490641,"['easy', 'easy', 'medium', 'medium', 'medium']"
80,6.981081862,9.077640284,6.591974472,59.11728119,18.23202219,"['medium', 'medium', 'hard', 'hard', 'medium']"
60,1.814577143,10.58116435,10.59739708,38.0194651,38.98739633,"['medium', 'medium', 'hard', 'hard', 'medium']"
100,47.06264322,14.7504651,15.29543335,14.55786547,8.333592855,"['medium', 'medium', 'hard', 'hard', 'medium']"
80,0.294069251,18.51568328,1.89668033,40.48382451,38.80974264,"['medium', 'medium', 'hard', 'hard', 'medium']"
80,3.550271071,60.99925386,12.70613411,2.473387884,20.27095308,"['medium', 'medium', 'hard', 'hard', 'medium']"
40,27.71884825,13.53767832,37.85071815,16.95852661,3.934228674,"['easy', 'medium', 'medium', 'medium', 'hard']"
60,5.844448787,0.790491571,8.939408433,81.42044945,3.005201764,"['medium', 'medium', 'hard', 'hard', 'medium']"
20,7.279199618,29.35499378,1.799098134,36.57980647,24.98690201,"['easy', 'easy', 'medium', 'medium', 'medium']"
100,8.382541186,13.87600611,4.262910982,19.33894258,54.13959913,"['easy', 'medium', 'medium', 'medium', 'hard']"
0,32.22043575,33.34112102,0.342909359,0.415763474,33.67977039,"['easy', 'easy', 'medium', 'medium', 'medium']"
60,9.016538394,12.12521879,6.171625339,14.4496591,58.23695838,"['easy', 'medium', 'medium', 'medium', 'hard']"
20,0.141538471,23.43401613,19.39386542,0.42033238,56.6102476,"['easy', 'easy', 'medium', 'medium', 'medium']"
40,4.55638525,13.91222415,43.62586035,25.33296898,12.57256127,"['easy', 'easy', 'medium', 'medium', 'medium']"
0,9.042337566,5.852315044,25.83316149,50.3007897,8.971396199,"['easy', 'easy', 'medium', 'medium', 'medium']"
40,0.351714521,17.85504706,14.68149679,17.1457137,49.96602793,"['easy', 'medium', 'medium', 'medium', 'hard']"
80,5.172406665,54.62419297,14.02226643,3.592199986,22.58893395,"['medium', 'medium', 'hard', 'hard', 'medium']"
40,37.63256598,16.10169716,2.329839408,16.82195061,27.11394684,"['easy', 'easy', 'medium', 'medium', 'medium']"
40,4.807002467,9.055643009,43.81318124,34.24180934,8.082363942,"['easy', 'easy', 'medium', 'medium', 'medium']"
20,32.27998962,27.39606902,3.6622442,18.82419271,17.83750445,"['easy', 'easy', 'medium', 'medium', 'medium']"
60,15.49228002,8.180309662,35.74191935,36.0655957,4.519895266,"['easy', 'medium', 'medium', 'medium', 'hard']"
40,6.090751684,9.416452687,8.234872365,32.75497154,43.50295172,"['easy', 'medium', 'medium', 'medium', 'hard']"
80,8.348605101,5.152711799,7.759502679,8.432385965,70.30679446,"['easy', 'medium', 'medium', 'medium', 'hard']"
80,70.69585471,0.222366107,7.153918107,16.27174177,5.6561193,"['medium', 'medium', 'hard', 'hard', 'medium']"
80,46.02439791,35.09326694,6.696489146,5.40967129,6.776174715,"['medium', 'medium', 'hard', 'hard', 'medium']"
60,8.648157047,5.088460537,25.81244311,49.25604722,11.19489208,"['easy', 'medium', 'medium', 'medium', 'hard']"
60,31.42095456,20.43066793,11.09691738,25.3186352,11.73282493,"['easy', 'medium', 'medium', 'medium', 'hard']"
20,13.19466941,13.22478003,12.13420929,59.2916211,2.154720168,"['easy', 'easy', 'medium', 'medium', 'medium']"
40,32.70283335,13.16032221,3.282482699,26.87879427,23.97556747,"['easy', 'easy', 'medium', 'medium', 'medium']"
80,31.03557784,47.62134955,14.45457969,0.509166023,6.379326902,"['medium', 'medium', 'hard', 'hard', 'medium']"
40,7.956955785,47.00637866,3.006442521,22.05955833,19.9706647,"['easy', 'easy', 'medium', 'medium', 'medium']"
100,2.319080259,18.59179849,17.71512368,46.97906804,14.39492953,"['medium', 'medium', 'hard', 'hard', 'medium']"
0,40.26204987,11.18779183,0.885686993,25.73283834,21.93163297,"['easy', 'easy', 'medium', 'medium', 'medium']"
40,26.04563273,28.81565837,20.58271454,0.112098,24.44389636,"['easy', 'medium', 'medium', 'medium', 'hard']"
80,17.16150536,12.60692059,1.441964219,8.92057645,59.86903337,"['easy', 'medium', 'medium', 'medium', 'hard']"
40,28.66223599,50.97940436,6.716749026,6.725373747,6.916236877,"['easy', 'easy', 'medium', 'medium', 'medium']"
0,11.07791181,7.185324206,25.51891516,12.92023994,43.29760888,"['easy', 'easy', 'medium', 'medium', 'medium']"
40,19.65719153,14.73278027,21.91583733,28.85472698,14.83946389,"['easy', 'medium', 'medium', 'medium', 'hard']"
100,6.163950192,39.85565895,35.43700894,5.232042145,13.31133977,"['medium', 'medium', 'hard', 'hard', 'medium']"
80,20.9098553,43.01968342,6.925518667,12.6293304,16.51561221,"['medium', 'medium', 'hard', 'hard', 'medium']"
20,45.98075039,34.42595188,7.718256945,2.27633996,9.598700821,"['easy', 'easy', 'medium', 'medium', 'medium']"
20,8.983031669,24.95642727,29.25338674,24.78304532,12.024109,"['easy', 'easy', 'medium', 'medium', 'medium']"
20,4.467231402,20.36872721,54.57670031,15.18474613,5.40259495,"['easy', 'easy', 'medium', 'medium', 'medium']"
80,56.69421291,9.228857911,13.38038323,1.553406327,19.14313962,"['medium', 'medium', 'hard', 'hard', 'medium']"
0,37.35176031,5.595615856,28.56840387,9.30599644,19.17822352,"['easy', 'easy', 'medium', 'medium', 'medium']"
100,40.57079102,10.6814836,12.65315889,13.17057074,22.92399575,"['medium', 'medium', 'hard', 'hard', 'medium']"
60,12.5132643,15.57102804,3.43944208,61.85052865,6.625736936,"['medium', 'medium', 'hard', 'hard', 'medium']"
40,14.05216043,26.38359754,19.10641677,15.91317586,24.5446494,"['easy', 'easy', 'medium', 'medium', 'medium']"
40,1.096201186,33.07604257,8.089965804,24.10700031,33.63079014,"['easy', 'easy', 'medium', 'medium', 'medium']"
80,7.699839049,1.660398465,76.45563847,4.862900216,9.321223796,"['medium', 'medium', 'hard', 'hard', 'medium']"
100,7.978551662,0.769967846,11.67222374,9.923374396,69.65588235,"['easy', 'medium', 'medium', 'medium', 'hard']"
0,23.99342052,39.69989153,11.59132512,10.98799908,13.72736375,"['easy', 'easy', 'medium', 'medium', 'medium']"
60,17.62136856,28.36249535,14.9419597,15.61942652,23.45474987,"['medium', 'medium', 'hard', 'hard', 'medium']"
60,3.258818242,9.754259299,7.969489198,41.4377492,37.57968406,"['medium', 'medium', 'hard', 'hard', 'medium']"
20,13.43583931,4.83008249,42.40680008,5.829764168,33.49751395,"['easy', 'easy', 'medium', 'medium', 'medium']"
20,5.337042619,48.14720352,12.10025902,14.75078451,19.66471034,"['easy', 'easy', 'medium', 'medium', 'medium']"
0,42.82697803,20.97175154,12.43428149,10.29636343,13.47062551,"['easy', 'easy', 'medium', 'medium', 'medium']"
0,41.80586291,12.91786508,29.13951729,10.5821738,5.554580926,"['easy', 'easy', 'medium', 'medium', 'medium']"
60,45.52139112,19.20039398,5.487385391,14.72115991,15.06966959,"['easy', 'medium', 'medium', 'medium', 'hard']"
60,35.1562484,39.91518429,3.140375186,12.98509088,8.803101235,"['medium', 'medium', 'hard', 'hard', 'medium']"
20,18.95330377,14.78813326,4.401221596,47.49232604,14.36501533,"['easy', 'easy', 'medium', 'medium', 'medium']"
0,58.1491262,9.42614672,11.67949739,11.50350736,9.241722339,"['easy', 'easy', 'medium', 'medium', 'medium']"
0,19.72694901,18.85270241,9.937196589,5.891522266,45.59162973,"['easy', 'easy', 'medium', 'medium', 'medium']"
60,9.699753814,6.842965922,7.912503518,10.26017145,65.2846053,"['easy', 'medium', 'medium', 'medium', 'hard']"
40,3.939175861,15.85797509,2.797858305,1.941384756,75.46360599,"['easy', 'easy', 'medium', 'medium', 'medium']"
40,22.96485622,6.349327665,39.55070498,13.52198016,17.61313097,"['easy', 'medium', 'medium', 'medium', 'hard']"
80,3.527275861,58.26292667,6.195099754,28.01984024,3.994857481,"['medium', 'hard', 'hard', 'hard', 'hard']"
40,2.729072639,24.31918243,31.44713714,29.06537889,12.4392289,"['easy', 'easy', 'medium', 'medium', 'medium']"
80,28.93223939,39.90611234,18.33677224,7.862345869,4.962530162,"['medium', 'medium', 'hard', 'hard', 'medium']"
40,7.208042836,5.592652417,14.00578027,1.295551784,71.89797269,"['easy', 'medium', 'medium', 'medium', 'hard']"
40,6.711003678,17.71750813,9.363581819,10.52693227,55.6809741,"['easy', 'easy', 'medium', 'medium', 'medium']"
60,5.291869833,8.091775152,4.609392661,25.69712589,56.30983647,"['easy', 'medium', 'medium', 'medium', 'hard']"
40,4.332030553,73.50085625,2.663375363,4.048288317,15.45544952,"['easy', 'medium', 'medium', 'medium', 'hard']"
0,30.37840655,1.060920675,40.91786279,8.942441961,18.70036802,"['easy', 'easy', 'medium', 'medium', 'medium']"
80,43.80375469,37.66798191,2.650547455,6.666235653,9.211480288,"['medium', 'medium', 'hard', 'hard', 'medium']"
20,13.88102695,19.07035867,16.33714294,6.397513287,44.31395815,"['easy', 'easy', 'medium', 'medium', 'medium']"
100,0.243168729,46.74144278,18.43956162,2.229199401,32.34662746,"['medium', 'medium', 'hard', 'hard', 'medium']"
100,8.904292285,16.68824516,21.39423735,12.67405084,40.33917436,"['easy', 'medium', 'medium', 'medium', 'hard']"
100,2.886790478,4.910068835,25.79547172,6.738099251,59.66956972,"['easy', 'medium', 'medium', 'medium', 'hard']"
0,2.299765274,4.659637653,87.85393812,3.666576745,1.520082204,"['easy', 'easy', 'medium', 'medium', 'medium']"
80,19.00434855,31.96825321,24.55210661,5.225711168,19.24958047,"['medium', 'medium', 'hard', 'hard', 'medium']"
80,18.49808439,48.14974014,12.18019519,5.396834852,15.77514544,"['medium', 'medium', 'hard', 'hard', 'medium']"
40,4.569346713,44.37906659,24.73646439,19.55874362,6.756378689,"['easy', 'medium', 'medium', 'medium', 'hard']"
20,4.532406932,42.28750493,19.82075846,24.92062204,8.43870764,"['easy', 'easy', 'medium', 'medium', 'medium']"
20,48.81607196,10.64674714,21.8372861,1.552540216,17.14735459,"['easy', 'easy', 'medium', 'medium', 'medium']"
0,33.18119514,4.41275913,6.823163978,47.95691903,7.625962719,"['easy', 'easy', 'medium', 'medium', 'medium']"
0,2.747751276,24.98057058,0.017966261,9.297911273,62.95580061,"['easy', 'easy', 'medium', 'medium', 'medium']"
40,1.037131672,3.723649954,11.05379569,36.57720881,47.60821387,"['easy', 'easy', 'medium', 'medium', 'medium']"
60,38.01572476,24.0179219,2.154505545,2.156517315,33.65533049,"['easy', 'medium', 'medium', 'medium', 'hard']"
60,2.274049371,40.89432336,12.00884576,9.262295928,35.56048559,"['easy', 'medium', 'medium', 'medium', 'hard']"
20,17.61835152,32.16545037,15.46525771,13.37595604,21.37498436,"['easy', 'easy', 'medium', 'medium', 'medium']"
20,7.880611616,17.50202885,23.47783941,22.18197294,28.95754719,"['easy', 'easy', 'medium', 'medium', 'medium']"
60,5.635889872,46.33338472,12.37753037,19.90042006,15.75277498,"['medium', 'medium', 'hard', 'hard', 'medium']"
20,2.092136821,30.59251521,51.85038016,14.96751866,0.497449138,"['easy', 'easy', 'medium', 'medium', 'medium']"
80,23.91701518,8.455806886,4.834913902,39.35394635,23.43831769,"['medium', 'medium', 'hard', 'hard', 'medium']"
80,63.91644222,28.20454552,3.613870891,2.286438677,1.978702692,"['medium', 'medium', 'hard', 'hard', 'medium']"
40,54.11188931,4.406679401,0.317924598,34.75665321,6.406853483,"['easy', 'medium', 'medium', 'medium', 'hard']"
80,4.119538709,11.01721732,21.3815772,6.222426911,57.25923987,"['easy', 'medium', 'medium', 'medium', 'hard']"
80,37.09683841,14.43168916,36.33609574,9.039670948,3.095705743,"['medium', 'medium', 'hard', 'hard', 'medium']"
40,42.50191928,24.22024471,26.36993489,1.650479574,5.257421547,"['easy', 'medium', 'medium', 'medium', 'hard']"
40,3.248865124,9.191388377,39.81617666,34.09006789,13.65350195,"['easy', 'easy', 'medium', 'medium', 'medium']"
80,8.705523946,35.97401007,16.95070956,6.139017659,32.23073876,"['medium', 'medium', 'hard', 'hard', 'medium']"
20,30.47539671,15.37032544,5.281311453,35.07438013,13.79858627,"['easy', 'easy', 'medium', 'medium', 'medium']"
20,42.47138011,43.11659275,3.282543204,7.942327785,3.187156151,"['easy', 'easy', 'medium', 'medium', 'medium']"
80,15.15483975,13.92293043,34.91730111,34.38317349,1.62175523,"['medium', 'medium', 'hard', 'hard', 'medium']"
0,7.46862543,2.043523431,3.626762812,85.05344207,1.807646253,"['easy', 'easy', 'medium', 'medium', 'medium']"
60,4.662803482,58.33139784,29.15914069,5.440733524,2.405924459,"['medium', 'medium', 'hard', 'hard', 'medium']"
60,8.808990119,1.222684005,13.89867631,75.37909121,0.690558354,"['easy', 'medium', 'medium', 'medium', 'hard']"
60,2.013774687,26.3497986,22.40317362,45.30133567,3.93191742,"['medium', 'medium', 'hard', 'hard', 'medium']"
100,4.462494117,9.080418475,39.91454646,21.14824797,25.39429298,"['medium', 'medium', 'hard', 'hard', 'medium']"
80,13.07960439,12.14516644,6.292400707,19.41384258,49.06898588,"['easy', 'medium', 'medium', 'medium', 'hard']"
80,5.007121329,15.9730222,66.49565235,0.669773404,11.85443072,"['medium', 'medium', 'hard', 'hard', 'medium']"
20,31.60194093,10.38340731,20.59467128,29.57263169,7.847348789,"['easy', 'easy', 'medium', 'medium', 'medium']"
60,22.99459876,1.229221421,13.59057192,26.4830809,35.702527,"['medium', 'medium', 'hard', 'hard', 'medium']"
100,0.084287433,31.74432922,33.39579637,1.089793663,33.68579332,"['medium', 'medium', 'hard', 'hard', 'medium']"
20,10.63427063,48.93465988,2.682682432,29.55197931,8.196407746,"['easy', 'easy', 'medium', 'medium', 'medium']"
60,23.20967113,36.2612283,18.84840469,19.96593773,1.714758153,"['medium', 'medium', 'hard', 'hard', 'medium']"
20,19.90815601,16.62674321,3.464598823,54.95405295,5.046449004,"['easy', 'easy', 'medium', 'medium', 'medium']"
40,27.01489665,14.51971656,9.162062531,41.65565583,7.647668434,"['easy', 'medium', 'medium', 'medium', 'hard']"
80,25.39996772,23.29034546,29.18491593,17.92144247,4.203328411,"['medium', 'medium', 'hard', 'hard', 'medium']"
0,21.36891522,16.88794639,20.43922939,24.06630802,17.23760099,"['easy', 'easy', 'medium', 'medium', 'medium']"
60,13.57077184,7.479000412,8.895151699,41.65962461,28.39545144,"['medium', 'medium', 'hard', 'hard', 'medium']"
60,49.75771135,9.926571456,17.72803572,17.97712109,4.610560382,"['medium', 'medium', 'hard', 'hard', 'medium']"
80,54.73030726,14.78140977,10.6371122,14.46082515,5.390345632,"['medium', 'medium', 'hard', 'hard', 'medium']"
80,18.98197202,38.22120388,21.77115038,14.26856776,6.757105967,"['medium', 'medium', 'hard', 'hard', 'medium']"
0,0.798122498,45.97146659,5.653430938,17.70806225,29.86891773,"['easy', 'easy', 'medium', 'medium', 'medium']"
100,33.22629453,9.92097859,42.99285542,3.79614664,10.06372482,"['medium', 'medium', 'hard', 'hard', 'medium']"
100,8.771069745,12.83122714,6.609522524,38.52722794,33.26095265,"['medium', 'medium', 'hard', 'hard', 'medium']"
20,7.273527125,17.31839187,3.240408246,62.26616799,9.901504767,"['easy', 'easy', 'medium', 'medium', 'medium']"
40,7.264049428,33.56220249,46.11487281,3.530354872,9.528520403,"['easy', 'easy', 'medium', 'medium', 'medium']"
40,4.402186037,6.865845984,17.29850922,52.12082309,19.31263567,"['easy', 'easy', 'medium', 'medium', 'medium']"
80,26.71411932,9.892858868,5.019866101,36.08861895,22.28453676,"['medium', 'medium', 'hard', 'hard', 'medium']"
40,19.21251391,54.73357852,7.484342557,6.202785838,12.36677918,"['easy', 'medium', 'medium', 'medium', 'hard']"
40,10.50811238,37.49116058,12.53614155,33.19295184,6.271633639,"['easy', 'easy', 'medium', 'medium', 'medium']"
0,17.25479686,22.84807175,40.41842562,18.89456669,0.584139076,"['easy', 'easy', 'medium', 'medium', 'medium']"
80,1.766526077,34.9969179,27.55243636,30.94464052,4.739479145,"['medium', 'medium', 'hard', 'hard', 'medium']"
40,49.57132807,15.28574641,10.50665353,14.37464042,10.26163158,"['easy', 'medium', 'medium', 'medium', 'hard']"
20,48.56494572,11.7611047,6.263844806,16.58894699,16.82115778,"['easy', 'easy', 'medium', 'medium', 'medium']"
60,15.27115008,0.490887317,56.81936456,23.01758623,4.401011817,"['easy', 'medium', 'medium', 'medium', 'hard']"
80,21.50349964,31.21063994,25.98694023,17.64712372,3.651796464,"['medium', 'medium', 'hard', 'hard', 'medium']"
60,14.07467099,45.9926717,1.300334169,33.87223624,4.760086896,"['easy', 'medium', 'medium', 'medium', 'hard']"
20,6.45233938,31.2214526,6.49450044,26.65568153,29.17602604,"['easy', 'easy', 'medium', 'medium', 'medium']"
40,0.80114876,8.869572327,9.226710956,67.69372113,13.40884683,"['easy', 'easy', 'medium', 'medium', 'medium']"
40,24.39856988,15.27482517,20.67504777,9.630550341,30.02100684,"['easy', 'medium', 'medium', 'medium', 'hard']"
100,0.586425294,45.33170552,23.54584822,18.10133119,12.43468977,"['medium', 'medium', 'hard', 'hard', 'medium']"
80,14.40371408,40.96877588,7.989220222,23.30127138,13.33701844,"['medium', 'medium', 'hard', 'hard', 'medium']"
20,19.2148754,21.4339938,46.1039,5.443796695,7.803434108,"['easy', 'easy', 'medium', 'medium', 'medium']"
0,6.087049545,52.30693822,23.71779069,4.543696752,13.34452479,"['easy', 'easy', 'medium', 'medium', 'medium']"
80,27.82828332,24.89547627,11.91775467,19.92492207,15.43356366,"['medium', 'medium', 'hard', 'hard', 'medium']"
80,6.893136198,0.356732412,59.84722942,14.63058929,18.27231268,"['medium', 'medium', 'hard', 'hard', 'medium']"
40,3.254941263,46.16744443,10.91996138,9.635653223,30.02199971,"['easy', 'medium', 'medium', 'medium', 'hard']"
80,4.410176806,31.7764914,29.52737836,16.37701519,17.90893823,"['medium', 'medium', 'hard', 'hard', 'medium']"
20,27.18825324,52.46644684,6.452666703,6.570030653,7.322602568,"['easy', 'easy', 'medium', 'medium', 'medium']"
20,6.174823921,27.31415832,24.74641632,4.922861577,36.84173986,"['easy', 'easy', 'medium', 'medium', 'medium']"
0,69.09208969,2.056333196,14.54425027,4.605235442,9.702091401,"['easy', 'easy', 'medium', 'medium', 'medium']"
60,19.03897101,23.78551104,17.49001753,36.90344926,2.782051153,"['easy', 'medium', 'medium', 'medium', 'hard']"
40,6.312585083,37.33471491,23.27895171,2.588654133,30.48509417,"['easy', 'medium', 'medium', 'medium', 'hard']"
0,17.79240183,38.72233868,10.54635343,31.28253785,1.656368212,"['easy', 'easy', 'medium', 'medium', 'medium']"
20,31.84151815,20.36199265,11.23757575,32.76170584,3.797207607,"['easy', 'easy', 'medium', 'medium', 'medium']"
80,5.598772488,12.16175214,7.343625954,17.70169464,57.19415478,"['easy', 'medium', 'medium', 'medium', 'hard']"
20,20.30395705,40.92871031,30.63713397,4.73357928,3.396619385,"['easy', 'easy', 'medium', 'medium', 'medium']"
80,24.66980746,7.084501302,8.573556153,52.44739863,7.224736461,"['medium', 'medium', 'hard', 'hard', 'medium']"
80,2.8034287,10.09370427,17.22637385,65.30192149,4.574571689,"['medium', 'medium', 'hard', 'hard', 'medium']"
80,9.220697151,1.445438796,17.49345415,40.6540325,31.1863774,"['medium', 'medium', 'hard', 'hard', 'medium']"
40,33.63214738,10.15404953,25.91536989,16.1036909,14.19474229,"['easy', 'medium', 'medium', 'medium', 'hard']"
0,55.58516068,29.93000741,2.798563293,6.003484296,5.682784323,"['easy', 'easy', 'medium', 'medium', 'medium']"
60,3.338332874,1.645549477,11.0861054,57.39897782,26.53103443,"['easy', 'medium', 'medium', 'medium', 'hard']"
20,6.51612332,27.34750379,6.947283652,57.07018555,2.118903696,"['easy', 'easy', 'medium', 'medium', 'medium']"
0,24.20943151,7.225792049,27.82385741,0.52399262,40.21692641,"['easy', 'easy', 'medium', 'medium', 'medium']"
0,18.5378182,24.57356652,9.382746144,7.620291949,39.88557718,"['easy', 'easy', 'medium', 'medium', 'medium']"
20,41.41257176,43.31482027,2.314800931,0.554437234,12.4033698,"['easy', 'easy', 'medium', 'medium', 'medium']"
80,0.214233175,9.417292747,12.48401061,72.43864878,5.445814689,"['medium', 'medium', 'hard', 'hard', 'medium']"
20,28.82104051,17.32562479,25.36469925,23.57834476,4.910290688,"['easy', 'easy', 'medium', 'medium', 'medium']"
0,7.796311903,11.15485661,35.90905618,13.31528985,31.82448546,"['easy', 'easy', 'medium', 'medium', 'medium']"
20,0.601916727,6.048382424,64.54840292,26.96845337,1.832844554,"['easy', 'easy', 'medium', 'medium', 'medium']"
80,10.62250376,17.39260358,1.724790359,7.510291146,62.74981116,"['easy', 'medium', 'medium', 'medium', 'hard']"
80,39.08969087,14.05218575,2.125432485,24.62807835,20.10461254,"['medium', 'medium', 'hard', 'hard', 'medium']"
0,16.83470907,30.31105951,41.80191191,10.57769449,0.474625014,"['easy', 'easy', 'medium', 'medium', 'medium']"
0,8.772311421,50.53464739,10.63113437,5.907783377,24.15412343,"['easy', 'easy', 'medium', 'medium', 'medium']"
60,11.35904932,24.84339088,25.55480586,33.19104356,5.051710387,"['medium', 'medium', 'hard', 'hard', 'medium']"
80,6.185998691,26.45804577,6.903526446,35.18967519,25.26275389,"['medium', 'medium', 'hard', 'hard', 'medium']"
100,7.608986993,43.6038647,21.18830681,18.59123457,9.007606926,"['medium', 'medium', 'hard', 'hard', 'medium']"
100,27.03191702,31.2665581,12.97898362,17.86682863,10.85571264,"['medium', 'medium', 'hard', 'hard', 'medium']"
40,25.39142268,20.07308257,5.014233303,13.12777016,36.39349129,"['easy', 'medium', 'medium', 'medium', 'hard']"
0,9.714370794,17.04853157,6.567631264,35.43690012,31.23256626,"['easy', 'easy', 'medium', 'medium', 'medium']"
60,8.207750388,27.56556384,2.467911627,52.32824567,9.430528469,"['medium', 'medium', 'hard', 'hard', 'medium']"
40,18.8491839,20.42843269,2.509505797,1.824491026,56.38838659,"['easy', 'easy', 'medium', 'medium', 'medium']"
60,3.206770282,2.611632155,12.95754117,45.88278072,35.34127568,"['medium', 'medium', 'hard', 'hard', 'medium']"
40,7.743713715,1.037412346,4.145145893,1.455447412,85.61828063,"['easy', 'easy', 'medium', 'medium', 'medium']"
40,41.34880149,42.54434995,5.245810539,3.927641201,6.93339682,"['easy', 'easy', 'medium', 'medium', 'medium']"
60,50.62293737,4.804616241,31.97154034,10.38175295,2.219153087,"['easy', 'medium', 'medium', 'medium', 'hard']"
40,50.46181382,13.33838473,7.485154376,4.118994427,24.59565265,"['easy', 'medium', 'medium', 'medium', 'hard']"
80,25.3252123,7.407184137,19.66764411,1.936645163,45.66331429,"['easy', 'medium', 'medium', 'medium', 'hard']"
80,31.30080017,4.929733494,24.45745352,21.23601378,18.07599904,"['medium', 'medium', 'hard', 'hard', 'medium']"
40,32.25056784,2.58902673,28.67132848,22.1932539,14.29582305,"['easy', 'medium', 'medium', 'medium', 'hard']"
60,22.64761588,49.71486548,5.498483293,21.37686468,0.762170659,"['medium', 'medium', 'hard', 'hard', 'medium']"
20,24.47720301,1.59201108,32.49660355,35.87166612,5.562516245,"['easy', 'easy', 'medium', 'medium', 'medium']"
60,40.79419755,31.87016692,23.2639864,3.754170232,0.317478894,"['easy', 'medium', 'medium', 'medium', 'hard']"
100,43.84751214,1.464027725,46.53821767,4.558782478,3.59145999,"['medium', 'medium', 'hard', 'hard', 'medium']"
40,5.793345294,7.345965644,34.22756206,45.80102732,6.832099682,"['easy', 'easy', 'medium', 'medium', 'medium']"
80,6.289167771,2.546439537,60.32286117,17.94441015,12.89712137,"['medium', 'medium', 'hard', 'hard', 'medium']"
20,24.36155313,2.069476517,9.080949807,44.30592584,20.18209471,"['easy', 'easy', 'medium', 'medium', 'medium']"
60,7.437356095,25.76553058,21.61195648,22.31225305,22.8729038,"['easy', 'medium', 'medium', 'medium', 'hard']"
80,1.2694897,13.20462548,5.547396777,55.55697016,24.42151788,"['medium', 'medium', 'hard', 'hard', 'medium']"
40,16.90096042,30.22319851,39.25398626,6.582322772,7.039532035,"['easy', 'easy', 'medium', 'medium', 'medium']"
80,44.48385579,17.9876537,1.002346731,1.441766676,35.0843771,"['medium', 'medium', 'hard', 'hard', 'medium']"
60,14.08822671,18.44988135,33.03881781,22.65962774,11.76344639,"['easy', 'medium', 'medium', 'medium', 'hard']"
60,15.76681371,65.96419728,1.591660821,13.5675363,3.109791895,"['easy', 'medium', 'medium', 'medium', 'hard']"
60,13.17238963,11.58494252,36.57144078,19.49341364,19.17781343,"['medium', 'medium', 'hard', 'hard', 'medium']"
0,19.23021908,7.206578119,41.46203639,25.51926974,6.581896662,"['easy', 'easy', 'medium', 'medium', 'medium']"
20,17.92468152,43.18986764,18.34476593,13.37627535,7.164409555,"['easy', 'easy', 'medium', 'medium', 'medium']"
60,29.33633509,6.923350704,14.89448187,42.71935913,6.1264732,"['medium', 'medium', 'hard', 'hard', 'medium']"
100,8.094160636,0.818968156,62.93224865,13.87956047,14.27506209,"['medium', 'medium', 'hard', 'hard', 'medium']"
80,40.91190693,26.21373084,2.594126153,7.647017577,22.6332185,"['medium', 'medium', 'hard', 'hard', 'medium']"
60,30.53112692,13.56933075,14.98310651,18.65876489,22.25767093,"['easy', 'medium', 'medium', 'medium', 'hard']"
20,23.18646796,18.35284676,33.04171097,7.791633276,17.62734104,"['easy', 'easy', 'medium', 'medium', 'medium']"
40,67.98054628,24.57894695,3.284345164,2.096320014,2.059841591,"['easy', 'medium', 'medium', 'medium', 'hard']"
60,32.01462543,29.48796421,23.22340384,9.28821358,5.985792951,"['medium', 'medium', 'hard', 'hard', 'medium']"
60,14.23850642,2.455910202,17.93304694,42.13248123,23.24005521,"['easy', 'medium', 'medium', 'medium', 'hard']"
100,4.496065328,11.32156829,20.69489835,31.27797768,32.20949036,"['medium', 'medium', 'hard', 'hard', 'medium']"
40,28.68289811,18.0785222,37.87982044,4.664941857,10.6938174,"['easy', 'medium', 'medium', 'medium', 'hard']"
60,32.48390296,2.152650303,8.977362033,2.402352102,53.98373261,"['easy', 'medium', 'medium', 'medium', 'hard']"
100,8.389099269,35.75249496,3.725183231,35.02085511,17.11236742,"['medium', 'medium', 'hard', 'hard', 'medium']"
80,8.47005736,14.29265598,19.85810259,16.18365056,41.19553351,"['easy', 'medium', 'medium', 'medium', 'hard']"
0,0.405062752,78.4981559,5.055304418,8.590004008,7.451472926,"['easy', 'easy', 'medium', 'medium', 'medium']"
80,23.79302739,2.028375167,30.67408925,34.88781261,8.616695579,"['medium', 'medium', 'hard', 'hard', 'medium']"
80,11.00071814,7.750311936,3.539179598,19.88750618,57.82228415,"['easy', 'medium', 'medium', 'medium', 'hard']"
20,32.4460325,15.18411162,37.39377676,12.90247375,2.073605364,"['easy', 'easy', 'medium', 'medium', 'medium']"
20,7.455977451,23.69048311,41.97416801,10.73313703,16.1462344,"['easy', 'easy', 'medium', 'medium', 'medium']"
60,13.6198889,20.92442405,46.31535924,2.408851928,16.73147589,"['easy', 'medium', 'medium', 'medium', 'hard']"
0,11.54135052,22.89132657,8.127892235,20.36828848,37.07114219,"['easy', 'easy', 'medium', 'medium', 'medium']"
100,38.78784752,2.445314059,10.83996792,44.54436242,3.382508078,"['medium', 'medium', 'hard', 'hard', 'medium']"
40,17.55464698,3.279141879,11.85743508,47.04226208,20.26651399,"['easy', 'easy', 'medium', 'medium', 'medium']"
100,1.517030763,22.63980579,13.11014339,28.19797763,34.53504242,"['medium', 'medium', 'hard', 'hard', 'medium']"
20,46.81425661,23.42528214,24.22573409,4.817583893,0.717143268,"['easy', 'easy', 'medium', 'medium', 'medium']"
100,36.90652657,7.381882919,28.2898722,8.047090731,19.37462758,"['medium', 'medium', 'hard', 'hard', 'medium']"
100,23.74760467,23.58387275,23.99306543,17.20359856,11.47185858,"['medium', 'medium', 'hard', 'hard', 'medium']"
20,5.975813608,41.35772072,18.20247388,30.98733521,3.476656581,"['easy', 'easy', 'medium', 'medium', 'medium']"
100,4.806315039,69.70708855,23.54587668,1.792585315,0.148134421,"['medium', 'hard', 'hard', 'hard', 'hard']"
40,4.869444857,62.25325011,11.20995364,18.98431231,2.68303908,"['easy', 'medium', 'medium', 'medium', 'hard']"
20,14.71314769,20.97267744,20.35007047,15.93036688,28.03373752,"['easy', 'easy', 'medium', 'medium', 'medium']"
80,23.16514045,19.99311176,49.51621741,1.684436483,5.641093903,"['medium', 'medium', 'hard', 'hard', 'medium']"
40,9.557398923,31.06886453,1.519770008,18.13339973,39.72056681,"['easy', 'easy', 'medium', 'medium', 'medium']"
80,11.22870964,34.34091983,3.677886181,31.9711937,18.78129066,"['medium', 'medium', 'hard', 'hard', 'medium']"
100,26.9386974,7.939739167,9.566977567,41.78873404,13.76585183,"['medium', 'medium', 'hard', 'hard', 'medium']"
20,6.726139216,18.46089916,23.16177821,6.743489012,44.9076944,"['easy', 'easy', 'medium', 'medium', 'medium']"
40,15.59864234,21.79392117,0.093610374,19.49266809,43.02115802,"['easy', 'medium', 'medium', 'medium', 'hard']"
40,53.24836478,12.88782705,20.77658431,8.095625637,4.991598224,"['easy', 'medium', 'medium', 'medium', 'hard']"
100,30.24979602,6.852688496,0.801886103,27.90421573,34.19141366,"['medium', 'medium', 'hard', 'hard', 'medium']"
40,23.96969551,9.347347387,17.98854432,42.64012714,6.054285645,"['easy', 'medium', 'medium', 'medium', 'hard']"
80,33.28102791,39.38452079,11.52393997,10.17045174,5.640059586,"['medium', 'medium', 'hard', 'hard', 'medium']"
60,53.77119669,7.190061449,4.66515742,24.3888299,9.98475455,"['medium', 'medium', 'hard', 'hard', 'medium']"
100,13.14755137,4.25580897,49.21009862,21.35235554,12.03418551,"['medium', 'medium', 'hard', 'hard', 'medium']"
40,29.94254452,6.680720424,36.18504469,19.29462996,7.897060402,"['easy', 'medium', 'medium', 'medium', 'hard']"
40,0.528615824,18.42947572,29.00218997,19.08590526,32.95381323,"['easy', 'medium', 'medium', 'medium', 'hard']"
40,13.31786465,4.061228499,27.87966574,10.93200848,43.80923262,"['easy', 'medium', 'medium', 'medium', 'hard']"
80,17.05357203,0.627765782,68.4425787,8.585482173,5.290601314,"['medium', 'medium', 'hard', 'hard', 'medium']"
40,1.462085594,56.23154215,6.094763201,28.349346,7.862263057,"['easy', 'medium', 'medium', 'medium', 'hard']"
60,7.222965583,0.758752884,11.63321542,55.71580769,24.66925842,"['medium', 'medium', 'hard', 'hard', 'medium']"
40,5.111011526,19.97329574,12.33345397,20.14497422,42.43726454,"['easy', 'medium', 'medium', 'medium', 'hard']"
40,30.58212543,9.425670554,38.91631963,15.52390074,5.551983642,"['easy', 'medium', 'medium', 'medium', 'hard']"
40,16.08464503,38.60756237,27.51823938,10.38588553,7.403667679,"['easy', 'easy', 'medium', 'medium', 'medium']"
80,26.38315776,13.32772855,5.574583444,38.65653219,16.05799805,"['medium', 'medium', 'hard', 'hard', 'medium']"
80,20.4321728,7.227706573,29.72297382,36.57313266,6.044014147,"['medium', 'medium', 'hard', 'hard', 'medium']"
60,41.39726856,9.426772352,23.18904256,9.017853717,16.96906281,"['easy', 'medium', 'medium', 'medium', 'hard']"
40,3.218665656,4.34566587,54.37489041,29.69787391,8.362904148,"['easy', 'easy', 'medium', 'medium', 'medium']"
60,30.69420239,3.509460267,19.24129135,27.89937252,18.65567348,"['easy', 'medium', 'medium', 'medium', 'hard']"
100,27.63288605,14.71006512,7.794929362,22.69359586,27.16852361,"['medium', 'medium', 'hard', 'hard', 'medium']"
80,13.96492543,12.55335811,29.71213802,10.47768569,33.29189274,"['medium', 'medium', 'hard', 'hard', 'medium']"
60,8.270223876,50.55621066,17.21190382,2.768247321,21.19341433,"['easy', 'medium', 'medium', 'medium', 'hard']"
20,34.05783542,1.309689661,18.19593751,42.59363939,3.842898023,"['easy', 'easy', 'medium', 'medium', 'medium']"
40,15.00912618,3.287480204,11.12315308,42.78559163,27.7946489,"['easy', 'easy', 'medium', 'medium', 'medium']"
80,3.227489017,49.48887115,8.395853954,0.163854089,38.72393179,"['medium', 'medium', 'hard', 'hard', 'medium']"
80,1.012147943,42.97692147,9.437676588,16.95253793,29.62071607,"['medium', 'medium', 'hard', 'hard', 'medium']"
100,52.76233264,10.41538466,25.47303636,7.175747996,4.17349834,"['medium', 'medium', 'hard', 'hard', 'medium']"
20,39.43917164,4.336874905,14.51676219,33.49622596,8.2109653,"['easy', 'easy', 'medium', 'medium', 'medium']"
80,9.001402525,10.76983221,20.45156339,8.827602074,50.9495998,"['easy', 'medium', 'medium', 'medium', 'hard']"
60,45.71824651,21.30789246,7.103531563,15.99834934,9.871980129,"['medium', 'medium', 'hard', 'hard', 'medium']"
80,16.33509431,12.47817457,60.53622308,9.753418367,0.897089667,"['medium', 'medium', 'hard', 'hard', 'medium']"
40,18.66045324,4.233510102,37.89382443,22.32276111,16.88945112,"['easy', 'medium', 'medium', 'medium', 'hard']"
20,5.604820924,6.553111654,32.4024987,48.37883195,7.060736778,"['easy', 'easy', 'medium', 'medium', 'medium']"
40,10.37180924,49.87774407,1.946361692,31.69209668,6.111988311,"['easy', 'easy', 'medium', 'medium', 'medium']"
60,3.736759622,3.225448456,40.81306689,7.061746389,45.16297864,"['easy', 'medium', 'medium', 'medium', 'hard']"
40,17.013181,4.691808541,58.04597358,10.8793589,9.369677984,"['easy', 'easy', 'medium', 'medium', 'medium']"
60,5.218668852,18.88465654,50.04698152,12.90648345,12.94320964,"['medium', 'medium', 'hard', 'hard', 'medium']"
40,46.16550334,15.23683408,6.085766157,19.04793241,13.46396401,"['easy', 'medium', 'medium', 'medium', 'hard']"
40,20.84921127,19.48329884,33.85917646,15.08925475,10.71905868,"['easy', 'easy', 'medium', 'medium', 'medium']"
60,35.08359115,4.957945732,36.86676752,19.68678062,3.404914973,"['medium', 'medium', 'hard', 'hard', 'medium']"
60,19.53250482,9.080737081,21.47707166,36.49400321,13.41568323,"['medium', 'medium', 'hard', 'hard', 'medium']"
80,3.527453285,27.76022032,15.37806636,13.90987984,39.42438019,"['medium', 'medium', 'hard', 'hard', 'medium']"
60,4.118980799,24.36809736,39.74983906,12.90963162,18.85345116,"['easy', 'medium', 'medium', 'medium', 'hard']"
100,0.540693078,14.11198224,6.558674928,32.1265688,46.66208095,"['easy', 'medium', 'medium', 'medium', 'hard']"
0,63.75031836,3.663007055,6.813219245,14.52391947,11.24953586,"['easy', 'easy', 'medium', 'medium', 'medium']"
60,40.39715746,41.90580886,6.000702525,9.124727823,2.571603327,"['medium', 'medium', 'hard', 'hard', 'medium']"
80,22.20341012,27.40416967,24.50140527,12.26109739,13.62991755,"['medium', 'medium', 'hard', 'hard', 'medium']"
40,19.13768136,29.10966945,20.2421219,9.3336747,22.1768526,"['easy', 'medium', 'medium', 'medium', 'hard']"
40,38.0894981,7.609762569,43.11787574,6.766230808,4.416632786,"['easy', 'medium', 'medium', 'medium', 'hard']"
100,12.00689954,11.7786784,29.06226796,37.85416984,9.297984262,"['medium', 'medium', 'hard', 'hard', 'medium']"
20,20.71386539,10.47964134,23.69801276,5.232135428,39.87634507,"['easy', 'easy', 'medium', 'medium', 'medium']"
100,22.95626029,20.81278012,37.53897674,9.634157814,9.057825039,"['medium', 'medium', 'hard', 'hard', 'medium']"
60,2.890638992,36.65247842,42.66078723,14.30523529,3.490860071,"['medium', 'medium', 'hard', 'hard', 'medium']"
100,22.06497261,10.96986326,26.8919714,12.44151529,27.63167745,"['medium', 'medium', 'hard', 'hard', 'medium']"
40,47.97479402,9.768991417,17.74104304,11.7801686,12.73500292,"['easy', 'medium', 'medium', 'medium', 'hard']"
20,1.732947434,22.1185222,30.12933147,36.79596755,9.223231339,"['easy', 'easy', 'medium', 'medium', 'medium']"
80,10.86588441,30.48664979,28.99424301,18.28151122,11.37171157,"['medium', 'medium', 'hard', 'hard', 'medium']"
60,53.0964384,0.08090521,19.21941367,7.186986602,20.41625611,"['easy', 'medium', 'medium', 'medium', 'hard']"
40,25.39852762,16.34227542,4.543590117,34.94264113,18.77296571,"['easy', 'medium', 'medium', 'medium', 'hard']"
100,7.992860469,20.19765279,11.69645899,35.13932348,24.97370426,"['medium', 'medium', 'hard', 'hard', 'medium']"
100,9.626146481,21.11978146,37.70696202,31.46332483,0.083785197,"['medium', 'medium', 'hard', 'hard', 'medium']"
80,18.99937292,17.98513967,9.196096917,13.85686673,39.96252377,"['medium', 'medium', 'hard', 'hard', 'medium']"
40,4.091610296,6.886886215,1.541802082,61.90177864,25.57792277,"['easy', 'medium', 'medium', 'medium', 'hard']"
20,29.72387553,30.14997634,25.51995252,0.521255616,14.08493999,"['easy', 'easy', 'medium', 'medium', 'medium']"
80,45.50416336,39.22478407,13.69081022,0.004121541,1.576120805,"['medium', 'medium', 'hard', 'hard', 'medium']"
0,20.19920413,14.92232922,1.235876997,51.14154356,12.50104609,"['easy', 'easy', 'medium', 'medium', 'medium']"
40,19.18106906,13.49325297,54.10983628,0.021682811,13.19415887,"['easy', 'medium', 'medium', 'medium', 'hard']"
80,26.76194458,1.890613003,10.56509401,56.76840302,4.013945388,"['medium', 'medium', 'hard', 'hard', 'medium']"
80,7.944748894,25.84637038,59.49888059,3.700016328,3.009983807,"['medium', 'medium', 'hard', 'hard', 'medium']"
0,6.066635875,33.02839672,4.993212046,19.88181566,36.0299397,"['easy', 'easy', 'medium', 'medium', 'medium']"
40,17.88476215,28.57980954,41.69032462,7.418527168,4.426576512,"['easy', 'easy', 'medium', 'medium', 'medium']"
40,24.70416298,11.58687506,43.61548454,15.78237723,4.311100194,"['easy', 'easy', 'medium', 'medium', 'medium']"
20,31.57699065,17.50400725,20.42057176,28.40524993,2.093180414,"['easy', 'easy', 'medium', 'medium', 'medium']"
80,20.88570747,6.29584056,35.31416519,23.96482479,13.53946199,"['medium', 'medium', 'hard', 'hard', 'medium']"
80,40.96754598,13.82939269,15.7963486,8.310488081,21.09622465,"['medium', 'medium', 'hard', 'hard', 'medium']"
0,15.74858274,15.48890222,30.45017515,6.601515383,31.71082451,"['easy', 'easy', 'medium', 'medium', 'medium']"
40,13.31170753,28.89066809,47.4990976,7.239552485,3.058974294,"['easy', 'medium', 'medium', 'medium', 'hard']"
40,30.4222558,32.47391656,14.80948445,4.265452372,18.02889083,"['easy', 'medium', 'medium', 'medium', 'hard']"
20,5.648337943,68.90840596,15.10006006,4.622956862,5.720239172,"['easy', 'easy', 'medium', 'medium', 'medium']"
100,75.16609482,0.126028788,6.59025293,17.14518733,0.972436133,"['medium', 'medium', 'hard', 'hard', 'medium']"
20,7.44688331,11.36942558,5.07661365,13.06548763,63.04158983,"['easy', 'easy', 'medium', 'medium', 'medium']"
20,47.57631775,19.05834119,13.79355821,5.713443147,13.8583397,"['easy', 'easy', 'medium', 'medium', 'medium']"
40,5.453059829,19.5512587,4.963366773,69.05388482,0.978429877,"['easy', 'medium', 'medium', 'medium', 'hard']"
100,13.83276601,6.653803236,45.27918353,10.08821924,24.14602798,"['medium', 'medium', 'hard', 'hard', 'medium']"
60,10.07795695,10.99686391,38.9476718,11.49307924,28.4844281,"['medium', 'medium', 'hard', 'hard', 'medium']"
60,2.834541176,51.32464593,23.90203237,16.38077571,5.558004815,"['medium', 'medium', 'hard', 'hard', 'medium']"
60,19.40702909,15.14454155,9.486769728,50.43010527,5.531554361,"['medium', 'medium', 'hard', 'hard', 'medium']"
80,31.1822428,29.10645876,4.433981465,6.243348329,29.03396864,"['medium', 'medium', 'hard', 'hard', 'medium']"
20,43.61157276,2.422118608,2.83208136,29.36412083,21.77010644,"['easy', 'easy', 'medium', 'medium', 'medium']"
20,28.78498177,14.71351429,15.45287947,26.81417253,14.23445194,"['easy', 'easy', 'medium', 'medium', 'medium']"
40,13.45367314,16.30126362,46.1479796,23.74055608,0.356527564,"['easy', 'medium', 'medium', 'medium', 'hard']"
0,18.19902889,3.475918616,16.76104841,35.99810409,25.56589999,"['easy', 'easy', 'medium', 'medium', 'medium']"
